System,Material,Surface,Molecule Group,Molecule,True_eV,Prediction_eV,Error_eV,Abs_error_eV
CH2O80Ru40S,RuO2,110,thiols_thials_thioketones_thioethers,Methanethial,-0.8345360159873962,-0.9329395867694075,-0.09840357078201123,0.09840357078201123
C2H6Ir40N2O80,IrO2,110,amidines,Acetimidamide,-2.411222457885742,-2.633899611549168,-0.222677153663426,0.222677153663426
C2H4O82Ru40,RuO2,110,carbonates_carboxylic-acids_esters,Acetic-acid,-0.12246894836425781,-0.5013191466564422,-0.37885019829218436,0.37885019829218436
C3H8Ir40O80,IrO2,110,alkanes_alkenes_alkynes,Propane,-0.8764341473579407,-0.8285246420182375,0.04790950533970317,0.04790950533970317
C2H6O80Ru40S,RuO2,110,thiols_thials_thioketones_thioethers,Dimethylsulfane,-1.6849368810653687,-1.7917167708440047,-0.10677988977863606,0.10677988977863606
C2H6O81Ru40,RuO2,110,alcohols_aldehydes_ketones_ethers,Ethanol,-0.1829562783241272,-0.39326158819494594,-0.21030530987081875,0.21030530987081875
CH3NO82Ru40,RuO2,110,carbamate-esters,Carbamic-acid,-1.8527668714523315,-1.9275844485246125,-0.07481757707228098,0.07481757707228098
C2H4O80Ru40S,RuO2,110,thiols_thials_thioketones_thioethers,Ethanethial,-1.7802640199661255,-1.3400678227812364,0.4401961971848891,0.4401961971848891
CH2O83Ru40,RuO2,110,carbonates_carboxylic-acids_esters,Carbonic-acid,-2.5231430530548096,-2.436317524118749,0.08682552893606044,0.08682552893606044
C2H4Ir40O82,IrO2,110,carbonates_carboxylic-acids_esters,Acetic-acid,-0.6335698962211609,-1.0458574483338907,-0.4122875521127298,0.4122875521127298
C3H6O80Ru40S,RuO2,110,thiols_thials_thioketones_thioethers,Propane-2-thione,-2.128383159637451,-2.0759422022392755,0.05244095739817567,0.05244095739817567
C3H9NO80Ru40,RuO2,110,amines,Trimethylamine,-0.4818277060985565,-0.48697772600280587,-0.005150019904249348,0.005150019904249348
CH4O81Ru40,RuO2,110,alcohols_aldehydes_ketones_ethers,Methanol,-1.5885156393051147,-1.5751389759388985,0.013376663366216235,0.013376663366216235
C3H9Ir40NO80,IrO2,110,amines,Propan-2-amine,-3.059764862060547,-2.8507259938105562,0.20903886824999063,0.20903886824999063
CH3Ir40NO82,IrO2,110,carbamate-esters,Carbamic-acid,-1.8681648969650269,-2.009289698506109,-0.14112480154108198,0.14112480154108198
C3H6Ir40O80,IrO2,110,alkanes_alkenes_alkynes,Propylene,-2.126709222793579,-2.110406635313666,0.0163025874799132,0.0163025874799132
C3H8Ir40O80S,IrO2,110,thiols_thials_thioketones_thioethers,Propane-2-thiol,-0.5853323340415955,-0.4596060617341209,0.12572627230747457,0.12572627230747457
CH3Ir40NO81,IrO2,110,oximes,Formaldoxime,-3.0559773445129395,-3.323519200624105,-0.26754185611116554,0.26754185611116554
CH3Ir40NO81,IrO2,110,amides,Formamide,-3.6254026889801025,-3.6630510255308764,-0.03764833655077382,0.03764833655077382
CH4Ir40O80S,IrO2,110,thiols_thials_thioketones_thioethers,Methanethiol,-2.470672607421875,-2.97477888778576,-0.5041062803638852,0.5041062803638852
C3H9Ir40NO80,IrO2,110,amines,Propan-2-amine,-0.4878682494163513,-1.039341543194496,-0.5514732937781446,0.5514732937781446
C2H7Ir40NO80,IrO2,110,amines,Ethanamine,-2.7110719680786133,-2.5022353830700013,0.20883658500861202,0.20883658500861202
CH4O80Ru40,RuO2,110,alkanes_alkenes_alkynes,Methane,-0.4718315899372101,-0.37453525649925723,0.09729633343795285,0.09729633343795285
C3H6O81Ru40,RuO2,110,alcohols_aldehydes_ketones_ethers,Propan-2-one,-1.4163715839385986,-1.4150916661695874,0.0012799177690112629,0.0012799177690112629
CH3Ir40NO81,IrO2,110,oximes,Formaldoxime,-2.7773914337158203,-2.6560630829799265,0.12132835073589376,0.12132835073589376
CH3Ir40NO82,IrO2,110,carbamate-esters,Carbamic-acid,-0.4890883266925812,-1.0662300122116903,-0.5771416855191092,0.5771416855191092
CH4Ir40O81,IrO2,110,alcohols_aldehydes_ketones_ethers,Methanol,-2.341076135635376,-1.0668270316095914,1.2742491040257846,1.2742491040257846
C2H6O80Ru40S,RuO2,110,thiols_thials_thioketones_thioethers,Ethanethiol,-0.3232410252094269,-0.37465456396876107,-0.05141353875933419,0.05141353875933419
C2H7Ir40NO80,IrO2,110,amines,Ethanamine,-2.8311126232147217,-2.723392144423997,0.10772047879072488,0.10772047879072488
CH4Ir40O81,IrO2,110,alcohols_aldehydes_ketones_ethers,Methanol,-1.2792682647705078,-0.6306378987464996,0.6486303660240083,0.6486303660240083
CH2Ir40O83,IrO2,110,carbonates_carboxylic-acids_esters,Carbonic-acid,-1.9233978986740112,-2.3256396000379027,-0.4022417013638915,0.4022417013638915
CH3Ir40NO80,IrO2,110,imines,Methanimine,-2.1561923027038574,-2.709160571001121,-0.5529682682972634,0.5529682682972634
CH2Ir40O80S,IrO2,110,thiols_thials_thioketones_thioethers,Methanethial,-0.4217197895050049,-1.2285693660980996,-0.8068495765930948,0.8068495765930948
C3H9NO80Ru40,RuO2,110,amines,Propan-2-amine,-0.3821013271808624,-1.7318838037344904,-1.349782476553628,1.349782476553628
C2H6Ir40O81,IrO2,110,alcohols_aldehydes_ketones_ethers,Ethanol,-1.0235742330551147,-1.0854798807501993,-0.061905647695084554,0.061905647695084554
C3H6Ir40O81,IrO2,110,alcohols_aldehydes_ketones_ethers,Propan-2-one,-2.0178627967834473,-0.8375557354092962,1.180307061374151,1.180307061374151
CH2O83Ru40,RuO2,110,carbonates_carboxylic-acids_esters,Carbonic-acid,-0.5634293556213379,-0.7049231882256208,-0.14149383260428294,0.14149383260428294
C2H5NO80Ru40,RuO2,110,imines,N-methylmethanimine,-0.25239330530166626,-0.4759725760418405,-0.22357927074017425,0.22357927074017425
C3H8O81Ru40,RuO2,110,alcohols_aldehydes_ketones_ethers,Propan-2-ol,-0.9194198250770569,-0.8342735748719861,0.08514625020507083,0.08514625020507083
C2H5NO81Ru40,RuO2,110,amides,Acetamide,-0.30235400795936584,-0.37659228599113703,-0.07423827803177119,0.07423827803177119
C2H6O81Ru40,RuO2,110,alcohols_aldehydes_ketones_ethers,Ethanol,-0.34245041012763977,-0.39326158819494594,-0.05081117806730617,0.05081117806730617
CH3NO81Ru40,RuO2,110,amides,Formamide,-1.3570019006729126,-1.604820505124735,-0.24781860445182247,0.24781860445182247
CH2O82Ru40,RuO2,110,carbonates_carboxylic-acids_esters,Formic-acid,-1.2037107944488525,-1.2319646578343963,-0.02825386338554381,0.02825386338554381
C2H7Ir40NO80,IrO2,110,amines,Ethanamine,-2.7110719680786133,-2.7412454828781847,-0.03017351479957142,0.03017351479957142
C3H9NO80Ru40,RuO2,110,amines,Trimethylamine,-1.6991528272628784,-1.6993242530002135,-0.0001714257373350847,0.0001714257373350847
CH2Ir40O83,IrO2,110,carbonates_carboxylic-acids_esters,Carbonic-acid,-2.409914255142212,-2.3256396000379027,0.0842746551043092,0.0842746551043092
CH4N2O80Ru40,RuO2,110,amidines,Formimidamide,-2.357088088989258,-2.4658094869919296,-0.10872139800267178,0.10872139800267178
C3H9NO80Ru40,RuO2,110,amines,Propan-2-amine,-0.3821013271808624,-0.5255583872876741,-0.1434570601068117,0.1434570601068117
C2H4Ir40O80S,IrO2,110,thiols_thials_thioketones_thioethers,Ethanethial,-2.8651270866394043,-2.7310974787524174,0.13402960788698692,0.13402960788698692
C2H4O81Ru40,RuO2,110,alcohols_aldehydes_ketones_ethers,Acetaldehyde,-0.4940979778766632,-0.660466754580284,-0.16636877670362082,0.16636877670362082
C2H4Ir40O80S,IrO2,110,thiols_thials_thioketones_thioethers,Ethanethial,-0.42198026180267334,-0.3499059768528241,0.07207428494984924,0.07207428494984924
C2H7Ir40NO80,IrO2,110,amines,Ethanamine,-0.2054898589849472,-1.0551427931732178,-0.8496529341882706,0.8496529341882706
C2H4O82Ru40,RuO2,110,carbonates_carboxylic-acids_esters,Acetic-acid,-0.9988272190093994,-1.2419181847592426,-0.24309096574984324,0.24309096574984324
C2H4Ir40O81,IrO2,110,alcohols_aldehydes_ketones_ethers,Acetaldehyde,-0.6878052353858948,-1.2565993454835507,-0.5687941100976559,0.5687941100976559
C3H4,None,None,alkanes_alkenes_alkynes,Prop-1-yne,0.0,0.0006740812677890062,0.0006740812677890062,0.0006740812677890062
C3H6O80Ru40,RuO2,110,alkanes_alkenes_alkynes,Propylene,-0.312835156917572,-0.38787069826230436,-0.07503554134473234,0.07503554134473234
C2H7NO80Ru40,RuO2,110,amines,Ethanamine,-2.102449893951416,-1.80808578578808,0.2943641081633359,0.2943641081633359
CH2Ir40O81,IrO2,110,alcohols_aldehydes_ketones_ethers,Formaldehyde,-1.6320947408676147,-1.2721363113404323,0.3599584295271825,0.3599584295271825
C2H4Ir40O81,IrO2,110,alcohols_aldehydes_ketones_ethers,Acetaldehyde,-0.6961441040039062,-0.9478465730335301,-0.2517024690296239,0.2517024690296239
C2H6Ir40O80S,IrO2,110,thiols_thials_thioketones_thioethers,Ethanethiol,-3.521611452102661,-3.243756734193994,0.2778547179086672,0.2778547179086672
CH3Ir40NO81,IrO2,110,amides,Formamide,-1.8881102800369263,-1.9701478703204884,-0.08203759028356217,0.08203759028356217
C3H9NO80Ru40,RuO2,110,amines,Propan-2-amine,-1.9952746629714966,-2.0296571707267503,-0.034382507755253755,0.034382507755253755
CH3NO80Ru40,RuO2,110,imines,Methanimine,-0.18569591641426086,-0.25672985598521336,-0.0710339395709525,0.0710339395709525
C2H5Ir40NO81,IrO2,110,amides,Acetamide,-2.133575439453125,-2.312183284141611,-0.17860784468848578,0.17860784468848578
CH3Ir40NO80,IrO2,110,imines,Methanimine,-0.5223361849784851,-1.4694460779653014,-0.9471098929868162,0.9471098929868162
CH3NO82Ru40,RuO2,110,carbamate-esters,Carbamic-acid,-0.5261513590812683,-1.3282393533642107,-0.8020879942829424,0.8020879942829424
C2H6Ir40N2O80,IrO2,110,amidines,Acetimidamide,-2.4582784175872803,-2.726484738648651,-0.26820632106137055,0.26820632106137055
CH2Ir40O81,IrO2,110,alcohols_aldehydes_ketones_ethers,Formaldehyde,-1.6591384410858154,-1.2721363113404323,0.38700212974538317,0.38700212974538317
CH4O81Ru40,RuO2,110,alcohols_aldehydes_ketones_ethers,Methanol,-0.38032767176628113,-0.5590058145689909,-0.17867814280270977,0.17867814280270977
C3H6Ir40O80S,IrO2,110,thiols_thials_thioketones_thioethers,Propane-2-thione,-0.36213627457618713,-0.3878493675329082,-0.025713092956721084,0.025713092956721084
CH5Ir40NO80,IrO2,110,amines,Methanamine,-1.3857760429382324,-1.2527251366929022,0.13305090624533022,0.13305090624533022
C2H6N2O80Ru40,RuO2,110,amidines,Acetimidamide,-2.2366387844085693,-2.217246594766948,0.01939218964162137,0.01939218964162137
CH5Ir40NO80,IrO2,110,amines,Methanamine,-0.4044719338417053,-0.6344548941824542,-0.22998296034074883,0.22998296034074883
C2H4Ir40O80,IrO2,110,alkanes_alkenes_alkynes,Ethene,-1.916296362876892,-1.2151632436978161,0.701133119179076,0.701133119179076
CH3Ir40NO82,IrO2,110,carbamate-esters,Carbamic-acid,-3.367225408554077,-3.029468829243342,0.3377565793107351,0.3377565793107351
C3H9Ir40NO80,IrO2,110,amines,Propan-2-amine,-2.908511161804199,-2.8507259938105562,0.05778516799364297,0.05778516799364297
C2H6N2O80Ru40,RuO2,110,amidines,Acetimidamide,-1.548731803894043,-1.7833788960301717,-0.23464709213612878,0.23464709213612878
C3H8Ir40O81,IrO2,110,alcohols_aldehydes_ketones_ethers,Propan-2-ol,-2.162959575653076,-2.195385489438195,-0.03242591378511861,0.03242591378511861
C2H6O80Ru40S,RuO2,110,thiols_thials_thioketones_thioethers,Dimethylsulfane,-0.36347976326942444,-0.6725840550284374,-0.309104291759013,0.309104291759013
C3H8Ir40O80S,IrO2,110,thiols_thials_thioketones_thioethers,Propane-2-thiol,-0.33643868565559387,-0.6680417545367163,-0.33160306888112245,0.33160306888112245
C2H2O80Ru40,RuO2,110,alkanes_alkenes_alkynes,Acetylene,-1.1907885074615479,-1.1970997614052976,-0.006311253943749762,0.006311253943749762
C3H6O80Ru40,RuO2,110,alkanes_alkenes_alkynes,Propylene,-1.3276252746582031,-1.1585938480577624,0.16903142660044068,0.16903142660044068
C3H6Ir40O81,IrO2,110,alcohols_aldehydes_ketones_ethers,Propan-2-one,-2.0159335136413574,-1.0996628875971055,0.9162706260442519,0.9162706260442519
CH2Ir40O83,IrO2,110,carbonates_carboxylic-acids_esters,Carbonic-acid,-2.65096378326416,-2.5847850648078747,0.06617871845628542,0.06617871845628542
C3H8O80Ru40S,RuO2,110,thiols_thials_thioketones_thioethers,Propane-2-thiol,-1.7734941244125366,-1.3493220151146375,0.42417210929789917,0.42417210929789917
C3H8O80Ru40,RuO2,110,alkanes_alkenes_alkynes,Propane,-0.7412270903587341,-0.588228371535024,0.15299871882371008,0.15299871882371008
CH2O82Ru40,RuO2,110,carbonates_carboxylic-acids_esters,Formic-acid,-2.480530261993408,-2.2820168725279473,0.19851338946546093,0.19851338946546093
C2H4Ir40O81,IrO2,110,alcohols_aldehydes_ketones_ethers,Acetaldehyde,-1.2258380651474,-1.45655296261981,-0.23071489747241003,0.23071489747241003
C3H8Ir40O80S,IrO2,110,thiols_thials_thioketones_thioethers,Propane-2-thiol,-3.4744653701782227,-2.118621858433471,1.3558435117447516,1.3558435117447516
C2H5Ir40NO80,IrO2,110,imines,Ethanimine,-0.10763505846261978,-0.7482401150246005,-0.6406050565619807,0.6406050565619807
C2H4Ir40O82,IrO2,110,carbonates_carboxylic-acids_esters,Acetic-acid,-1.3388409614562988,-1.8781316229278673,-0.5392906614715685,0.5392906614715685
C3H8O,None,None,alcohols_aldehydes_ketones_ethers,Propan-2-ol,0.0,-0.0010948026083497098,-0.0010948026083497098,0.0010948026083497098
C2H2Ir40O80,IrO2,110,alkanes_alkenes_alkynes,Acetylene,-2.0215625762939453,-0.9661017607372742,1.0554608155566712,1.0554608155566712
CH3NO81Ru40,RuO2,110,amides,Formamide,-1.6291782855987549,-1.604820505124735,0.02435778047401982,0.02435778047401982
C2H6O81Ru40,RuO2,110,alcohols_aldehydes_ketones_ethers,Methoxymethane,-0.2945500910282135,-0.506832597898665,-0.21228250687045147,0.21228250687045147
CH3NO80Ru40,RuO2,110,imines,Methanimine,-1.9711624383926392,-1.9874360047019763,-0.016273566309337184,0.016273566309337184
C3H6O81Ru40,RuO2,110,alcohols_aldehydes_ketones_ethers,Propan-2-one,-0.6252017617225647,-1.181101051538917,-0.5558992898163524,0.5558992898163524
C3H8O80Ru40S,RuO2,110,thiols_thials_thioketones_thioethers,Propane-2-thiol,-1.7734941244125366,-1.3548043213829715,0.41868980302956516,0.41868980302956516
CH3Ir40NO82,IrO2,110,carbamate-esters,Carbamic-acid,-1.9463276863098145,-2.291137446521134,-0.34480976021131937,0.34480976021131937
C2H7Ir40NO80,IrO2,110,amines,Ethanamine,-0.37686827778816223,-0.7675476789681852,-0.390679401180023,0.390679401180023
C3H8O80Ru40S,RuO2,110,thiols_thials_thioketones_thioethers,Propane-2-thiol,-1.814609169960022,-1.4173862259871157,0.39722294397290625,0.39722294397290625
CH3NO81Ru40,RuO2,110,amides,Formamide,-0.37608617544174194,-0.3125950362737058,0.06349113916803617,0.06349113916803617
C3H8O80Ru40,RuO2,110,alkanes_alkenes_alkynes,Propane,-0.19244620203971863,-0.3638249406030809,-0.17137873856336228,0.17137873856336228
C2H4O80Ru40S,RuO2,110,thiols_thials_thioketones_thioethers,Ethanethial,-0.48616594076156616,-0.5840574908625058,-0.09789155010093964,0.09789155010093964
C3H6Ir40O81,IrO2,110,alcohols_aldehydes_ketones_ethers,Propan-2-one,-0.9269722700119019,-1.2480546559918366,-0.32108238597993477,0.32108238597993477
CH3NO82Ru40,RuO2,110,carbamate-esters,Carbamic-acid,-1.6625016927719116,-1.763278268824024,-0.10077657605211243,0.10077657605211243
CH2O82Ru40,RuO2,110,carbonates_carboxylic-acids_esters,Formic-acid,-1.278113603591919,-1.2317441348487819,0.04636946874313708,0.04636946874313708
CH2Ir40O81,IrO2,110,alcohols_aldehydes_ketones_ethers,Formaldehyde,-0.2579692304134369,-0.9071576644037123,-0.6491884339902754,0.6491884339902754
C3H8O80Ru40,RuO2,110,alkanes_alkenes_alkynes,Propane,-0.40236806869506836,-0.3686784648725734,0.03368960382249497,0.03368960382249497
C3H8O80Ru40S,RuO2,110,thiols_thials_thioketones_thioethers,Propane-2-thiol,-1.6405175924301147,-1.3493220151146375,0.2911955773154773,0.2911955773154773
C2H6O80Ru40S,RuO2,110,thiols_thials_thioketones_thioethers,Dimethylsulfane,-1.8045260906219482,-0.6725840550284374,1.1319420355935108,1.1319420355935108
C3H4Ir40O80,IrO2,110,alkanes_alkenes_alkynes,Prop-1-yne,-0.1545283943414688,-0.6225276420973387,-0.4679992477558699,0.4679992477558699
C2H6O81Ru40,RuO2,110,alcohols_aldehydes_ketones_ethers,Ethanol,-1.717263102531433,-1.7145087195153792,0.0027543830160539073,0.0027543830160539073
C2H5N,None,None,imines,Ethanimine,0.0,0.0004749944600916933,0.0004749944600916933,0.0004749944600916933
C2H6Ir40O80S,IrO2,110,thiols_thials_thioketones_thioethers,Ethanethiol,-3.193857431411743,-2.9795886659831012,0.21426876542864193,0.21426876542864193
C3H8Ir40O80,IrO2,110,alkanes_alkenes_alkynes,Propane,-2.414055347442627,-1.4879008043989757,0.9261545430436513,0.9261545430436513
CH3NO81Ru40,RuO2,110,amides,Formamide,-1.6173105239868164,-1.5998633550872228,0.017447168899593635,0.017447168899593635
C2H5NO81Ru40,RuO2,110,amides,Acetamide,-1.69297194480896,-1.658005967340614,0.034965977468345955,0.034965977468345955
C2H4Ir40O82,IrO2,110,carbonates_carboxylic-acids_esters,Acetic-acid,-2.42152738571167,-1.7436613490478976,0.6778660366637723,0.6778660366637723
C2H4Ir40O81,IrO2,110,alcohols_aldehydes_ketones_ethers,Acetaldehyde,-1.8227038383483887,-0.9478465730335301,0.8748572653148585,0.8748572653148585
C2H5NO80Ru40,RuO2,110,imines,N-methylmethanimine,-0.25239330530166626,-0.4759725760418405,-0.22357927074017425,0.22357927074017425
C3H8O80Ru40S,RuO2,110,thiols_thials_thioketones_thioethers,Propane-2-thiol,-0.3427651822566986,-1.3496823854352442,-1.0069172031785456,1.0069172031785456
CH2Ir40O80S,IrO2,110,thiols_thials_thioketones_thioethers,Methanethial,-2.4551968574523926,-2.0947011928483334,0.36049566460405913,0.36049566460405913
C2H5NO81Ru40,RuO2,110,amides,Acetamide,-1.5412219762802124,-1.6582118631099547,-0.11698988682974232,0.11698988682974232
C3H6Ir40O80,IrO2,110,alkanes_alkenes_alkynes,Propylene,-2.0015599727630615,-2.1086933680003312,-0.10713339523726972,0.10713339523726972
CH4O80Ru40S,RuO2,110,thiols_thials_thioketones_thioethers,Methanethiol,-1.6977403163909912,-1.8542064983766977,-0.1564661819857065,0.1564661819857065
C3H6Ir40O81,IrO2,110,alcohols_aldehydes_ketones_ethers,Propan-2-one,-1.5034236907958984,-1.7193377495998448,-0.21591405880394632,0.21591405880394632
CH4,None,None,alkanes_alkenes_alkynes,Methane,0.0,0.00019721292756003095,0.00019721292756003095,0.00019721292756003095
C3H8Ir40O80,IrO2,110,alkanes_alkenes_alkynes,Propane,-0.41814878582954407,-1.824849660251175,-1.406700874421631,1.406700874421631
C3H9Ir40NO80,IrO2,110,amines,Propan-2-amine,-3.059764862060547,-3.1560205518853763,-0.09625568982482946,0.09625568982482946
C2H6O81Ru40,RuO2,110,alcohols_aldehydes_ketones_ethers,Ethanol,-0.7256453633308411,-0.6958380449354991,0.02980731839534201,0.02980731839534201
C3H7NO80Ru40,RuO2,110,imines,Propan-2-imine,-0.43442288041114807,-0.40021884058705837,0.034204039824089705,0.034204039824089705
C3H8O81Ru40,RuO2,110,alcohols_aldehydes_ketones_ethers,Propan-2-ol,-0.9194198250770569,-1.0028525889008506,-0.08343276382379372,0.08343276382379372
C2H6O80Ru40,RuO2,110,alkanes_alkenes_alkynes,Ethane,-0.6709398031234741,-0.7272720080281943,-0.05633220490472013,0.05633220490472013
C2H6Ir40O81,IrO2,110,alcohols_aldehydes_ketones_ethers,Ethanol,-1.9985452890396118,-2.388401896933374,-0.389856607893762,0.389856607893762
C2H4O80Ru40,RuO2,110,alkanes_alkenes_alkynes,Ethene,-0.6126781105995178,-0.37795359626943537,0.23472451433008246,0.23472451433008246
C2H6Ir40N2O80,IrO2,110,amidines,Acetimidamide,-0.4444834589958191,-1.1083726040242254,-0.6638891450284063,0.6638891450284063
C2H6N2O80Ru40,RuO2,110,amidines,Acetimidamide,-2.215564250946045,-2.217246594766948,-0.0016823438209030428,0.0016823438209030428
C2H4O80Ru40S,RuO2,110,thiols_thials_thioketones_thioethers,Ethanethial,-1.3995556831359863,-1.4867492764212216,-0.08719359328523524,0.08719359328523524
CH4Ir40N2O80,IrO2,110,amidines,Formimidamide,-2.9725022315979004,-2.9308898876961393,0.04161234390176105,0.04161234390176105
C2H4O82Ru40,RuO2,110,carbonates_carboxylic-acids_esters,Acetic-acid,-2.504434823989868,-0.8557686231920343,1.6486662007978339,1.6486662007978339
C2H4O80Ru40S,RuO2,110,thiols_thials_thioketones_thioethers,Ethanethial,-0.18970708549022675,-0.2860914242301078,-0.09638433873988106,0.09638433873988106
C2H6N2O80Ru40,RuO2,110,amidines,Acetimidamide,-2.4958014488220215,-2.4918720229361497,0.003929425885871751,0.003929425885871751
C3H8Ir40O81,IrO2,110,alcohols_aldehydes_ketones_ethers,Propan-2-ol,-1.4747647047042847,-1.356072008438673,0.11869269626561163,0.11869269626561163
O80Ru40,RuO2,110,None,None,0.0,-0.4901669110727198,-0.4901669110727198,0.4901669110727198
CH4Ir40O80,IrO2,110,alkanes_alkenes_alkynes,Methane,-0.32315343618392944,-0.34858359214285883,-0.02543015595892939,0.02543015595892939
C2H5Ir40NO80,IrO2,110,imines,N-methylmethanimine,-1.3731777667999268,-1.5108768244725752,-0.13769905767264845,0.13769905767264845
C2H6O80Ru40S,RuO2,110,thiols_thials_thioketones_thioethers,Ethanethiol,-0.7372099161148071,-0.7015143689504839,0.035695547164323216,0.035695547164323216
C3H8Ir40O81,IrO2,110,alcohols_aldehydes_ketones_ethers,Propan-2-ol,-1.4747647047042847,-1.494263892035292,-0.019499187331007306,0.019499187331007306
C2H7Ir40NO80,IrO2,110,amines,Ethanamine,-2.7892000675201416,-1.5681940308955973,1.2210060366245443,1.2210060366245443
CH3Ir40NO81,IrO2,110,oximes,Formaldoxime,-3.1660232543945312,-3.125077978900663,0.040945275493868394,0.040945275493868394
C2H4Ir40O81,IrO2,110,alcohols_aldehydes_ketones_ethers,Acetaldehyde,-0.22368253767490387,-0.9478465730335301,-0.7241640353586263,0.7241640353586263
C3H8O81Ru40,RuO2,110,alcohols_aldehydes_ketones_ethers,Propan-2-ol,-0.9235273599624634,-0.7376157848652838,0.1859115750971796,0.1859115750971796
CH3Ir40NO81,IrO2,110,oximes,Formaldoxime,-0.4372934103012085,-0.9602184563395895,-0.522925046038381,0.522925046038381
CH3Ir40NO81,IrO2,110,amides,Formamide,-0.48171451687812805,-0.7956773674623037,-0.3139628505841756,0.3139628505841756
CH5N,None,None,amines,Methanamine,0.0,0.0007230093815451255,0.0007230093815451255,0.0007230093815451255
C2H6Ir40O81,IrO2,110,alcohols_aldehydes_ketones_ethers,Ethanol,-1.9985452890396118,-2.135713918822148,-0.1371686297825363,0.1371686297825363
C3H9NO80Ru40,RuO2,110,amines,Propan-2-amine,-2.1888020038604736,-1.9721870639482404,0.21661493991223324,0.21661493991223324
C3H7Ir40NO80,IrO2,110,imines,Propan-2-imine,-0.25802111625671387,-0.8700818438983333,-0.6120607276416195,0.6120607276416195
C2H4O80Ru40,RuO2,110,alkanes_alkenes_alkynes,Ethene,-0.3849923014640808,-0.38234857011320855,0.002643731350872258,0.002643731350872258
CH4O80Ru40,RuO2,110,alkanes_alkenes_alkynes,Methane,-0.14012962579727173,-0.376715570376291,-0.23658594457901927,0.23658594457901927
C2H5NO80Ru40,RuO2,110,imines,Ethanimine,-1.9023605585098267,-1.911782897264402,-0.009422338754575321,0.009422338754575321
C3H8O80Ru40S,RuO2,110,thiols_thials_thioketones_thioethers,Propane-2-thiol,-0.3947116732597351,-0.3506584574988665,0.044053215760868625,0.044053215760868625
CH3NO81Ru40,RuO2,110,amides,Formamide,-1.6173105239868164,-1.7952787917561182,-0.17796826776930175,0.17796826776930175
CH4N2O80Ru40,RuO2,110,amidines,Formimidamide,-1.498257040977478,-1.4030692016020225,0.0951878393754555,0.0951878393754555
C2H6Ir40O80S,IrO2,110,thiols_thials_thioketones_thioethers,Ethanethiol,-3.389265775680542,-3.26259538362865,0.12667039205189212,0.12667039205189212
C3H8,None,None,alkanes_alkenes_alkynes,Propane,0.0,0.0008741321762499865,0.0008741321762499865,0.0008741321762499865
C3H6Ir40O81,IrO2,110,alcohols_aldehydes_ketones_ethers,Propan-2-one,-1.222173810005188,-1.5154052735478558,-0.2932314635426678,0.2932314635426678
CH3NO82Ru40,RuO2,110,carbamate-esters,Carbamic-acid,-1.8683699369430542,-1.859900507615066,0.00846942932798811,0.00846942932798811
C3H9Ir40NO80,IrO2,110,amines,Trimethylamine,-0.5246988534927368,-0.9904691665137761,-0.46577031302103933,0.46577031302103933
C2H5Ir40NO80,IrO2,110,imines,Ethanimine,-2.737873077392578,-2.7244894116056457,0.013383665786932397,0.013383665786932397
C3H4Ir40O80,IrO2,110,alkanes_alkenes_alkynes,Prop-1-yne,-1.8148880004882812,-1.7460870566974336,0.06880094379084767,0.06880094379084767
CH3Ir40NO80,IrO2,110,imines,Methanimine,-2.765001058578491,-2.7128128257190838,0.052188232859407435,0.052188232859407435
CH2S,None,None,thiols_thials_thioketones_thioethers,Methanethial,0.0,-0.0018689755215746118,-0.0018689755215746118,0.0018689755215746118
CH2Ir40O83,IrO2,110,carbonates_carboxylic-acids_esters,Carbonic-acid,-1.9233978986740112,-1.5775056324166599,0.34589226625735137,0.34589226625735137
C2H6Ir40O80,IrO2,110,alkanes_alkenes_alkynes,Ethane,-0.19689173996448517,-0.5277532229324606,-0.33086148296797546,0.33086148296797546
C2H6O80Ru40S,RuO2,110,thiols_thials_thioketones_thioethers,Dimethylsulfane,-1.8343639373779297,-1.7917167708440047,0.042647166533924974,0.042647166533924974
C2H4O81Ru40,RuO2,110,alcohols_aldehydes_ketones_ethers,Acetaldehyde,-1.3709321022033691,-0.45524935063940575,0.9156827515639634,0.9156827515639634
C2H5NO80Ru40,RuO2,110,imines,Ethanimine,-1.9095062017440796,-1.9105452931653417,-0.0010390914212621283,0.0010390914212621283
C3H8O81Ru40,RuO2,110,alcohols_aldehydes_ketones_ethers,Propan-2-ol,-0.48705950379371643,-0.41935081767906013,0.0677086861146563,0.0677086861146563
C3H4O80Ru40,RuO2,110,alkanes_alkenes_alkynes,Prop-1-yne,-0.6010286808013916,-0.2839578692401119,0.3170708115612797,0.3170708115612797
C2H4O81Ru40,RuO2,110,alcohols_aldehydes_ketones_ethers,Acetaldehyde,-1.2852226495742798,-1.2979532200189965,-0.012730570444716705,0.012730570444716705
CH3N,None,None,imines,Methanimine,0.0,-0.0018234217604913283,-0.0018234217604913283,0.0018234217604913283
CH4Ir40O81,IrO2,110,alcohols_aldehydes_ketones_ethers,Methanol,-0.16172492504119873,-0.6306378987464996,-0.46891297370530083,0.46891297370530083
CH3NO81Ru40,RuO2,110,oximes,Formaldoxime,-1.4514278173446655,-1.6245408849640626,-0.17311306761939704,0.17311306761939704
C3H8Ir40O80S,IrO2,110,thiols_thials_thioketones_thioethers,Propane-2-thiol,-3.382554769515991,-2.118621858433471,1.2639329110825201,1.2639329110825201
C2H4Ir40O82,IrO2,110,carbonates_carboxylic-acids_esters,Acetic-acid,-0.6335698962211609,-1.2288681921426132,-0.5952982959214523,0.5952982959214523
C2H4Ir40O80S,IrO2,110,thiols_thials_thioketones_thioethers,Ethanethial,-0.42198026180267334,-0.3499059768528241,0.07207428494984924,0.07207428494984924
C2H6O,None,None,alcohols_aldehydes_ketones_ethers,Ethanol,0.0,0.0010209165175183443,0.0010209165175183443,0.0010209165175183443
C2H4O82Ru40,RuO2,110,carbonates_carboxylic-acids_esters,Acetic-acid,-1.4043467044830322,-1.5431027812785487,-0.1387560767955165,0.1387560767955165
C2H6Ir40O80,IrO2,110,alkanes_alkenes_alkynes,Ethane,-2.079479694366455,-2.812950838713732,-0.733471144347277,0.733471144347277
CH3NO82Ru40,RuO2,110,carbamate-esters,Carbamic-acid,-1.862529993057251,-1.8579010530156665,0.004628940041584428,0.004628940041584428
C2H6O80Ru40S,RuO2,110,thiols_thials_thioketones_thioethers,Dimethylsulfane,-1.8045260906219482,-1.7917167708440047,0.012809319777943529,0.012809319777943529
C2H4Ir40O82,IrO2,110,carbonates_carboxylic-acids_esters,Acetic-acid,-1.2853450775146484,-1.5411256817656067,-0.2557806042509583,0.2557806042509583
C2H4O80Ru40,RuO2,110,alkanes_alkenes_alkynes,Ethene,-0.3849923014640808,-0.38281724359694635,0.0021750578671344556,0.0021750578671344556
C2H6Ir40O80,IrO2,110,alkanes_alkenes_alkynes,Ethane,-1.0213536024093628,-0.9273941996893882,0.0939594027199746,0.0939594027199746
C3H8O80Ru40,RuO2,110,alkanes_alkenes_alkynes,Propane,-0.7290334701538086,-0.6335271882226152,0.09550628193119337,0.09550628193119337
C3H7NO80Ru40,RuO2,110,imines,Propan-2-imine,-1.9818201065063477,-2.0073020240129154,-0.025481917506567697,0.025481917506567697
C3H6Ir40O80,IrO2,110,alkanes_alkenes_alkynes,Propylene,-1.5501872301101685,-1.7551613237258152,-0.20497409361564678,0.20497409361564678
C3H8Ir40O80S,IrO2,110,thiols_thials_thioketones_thioethers,Propane-2-thiol,-3.4684393405914307,-2.5766179262136575,0.8918214143777732,0.8918214143777732
C2H6Ir40N2O80,IrO2,110,amidines,Acetimidamide,-0.5491380095481873,-0.9011775883918745,-0.3520395788436872,0.3520395788436872
C3H6O81Ru40,RuO2,110,alcohols_aldehydes_ketones_ethers,Propan-2-one,-0.260150671005249,-0.36855421638665575,-0.10840354538140673,0.10840354538140673
C2H4O80Ru40,RuO2,110,alkanes_alkenes_alkynes,Ethene,-0.26852768659591675,-0.37795359626943537,-0.10942590967351862,0.10942590967351862
C2H4O,None,None,alcohols_aldehydes_ketones_ethers,Acetaldehyde,0.0,0.000867142445713398,0.000867142445713398,0.000867142445713398
CH2Ir40O80S,IrO2,110,thiols_thials_thioketones_thioethers,Methanethial,-2.4551968574523926,-2.0947011928483334,0.36049566460405913,0.36049566460405913
C2H5Ir40NO80,IrO2,110,imines,N-methylmethanimine,-2.6325106620788574,-2.469967653585627,0.16254300849323045,0.16254300849323045
C3H8Ir40O80S,IrO2,110,thiols_thials_thioketones_thioethers,Propane-2-thiol,-0.21161767840385437,-0.6680417545367163,-0.45642407613286196,0.45642407613286196
C2H7Ir40NO80,IrO2,110,amines,Ethanamine,-2.8022267818450928,-2.723392144423997,0.07883463742109598,0.07883463742109598
C2H2O80Ru40,RuO2,110,alkanes_alkenes_alkynes,Acetylene,-1.2053968906402588,-1.1973389638432081,0.00805792679705064,0.00805792679705064
C2H6Ir40O80S,IrO2,110,thiols_thials_thioketones_thioethers,Ethanethiol,-3.1369130611419678,-2.9795886659831012,0.15732439515886654,0.15732439515886654
C3H8O80Ru40,RuO2,110,alkanes_alkenes_alkynes,Propane,-0.539618194103241,-0.5943543280436643,-0.054736133940423315,0.054736133940423315
CH3NO82Ru40,RuO2,110,carbamate-esters,Carbamic-acid,-1.6625016927719116,-1.7116334095003367,-0.04913171672842509,0.04913171672842509
C3H4O80Ru40,RuO2,110,alkanes_alkenes_alkynes,Prop-1-yne,-0.3093157112598419,-0.46986674513664184,-0.16055103387679992,0.16055103387679992
C3H6O80Ru40S,RuO2,110,thiols_thials_thioketones_thioethers,Propane-2-thione,-1.701883316040039,-1.8586617285182,-0.15677841247816104,0.15677841247816104
C3H8Ir40O80S,IrO2,110,thiols_thials_thioketones_thioethers,Propane-2-thiol,-1.6729063987731934,-0.6680417545367163,1.004864644236477,1.004864644236477
C2H6N2O80Ru40,RuO2,110,amidines,Acetimidamide,-0.4174712002277374,-0.5930548407268361,-0.1755836404990987,0.1755836404990987
C2H4Ir40O81,IrO2,110,alcohols_aldehydes_ketones_ethers,Acetaldehyde,-1.8634510040283203,-1.8603597811163581,0.003091222911962177,0.003091222911962177
CH2O83Ru40,RuO2,110,carbonates_carboxylic-acids_esters,Carbonic-acid,-0.5634293556213379,-0.7021293447251082,-0.13869998910377035,0.13869998910377035
C3H6O81Ru40,RuO2,110,alcohols_aldehydes_ketones_ethers,Propan-2-one,-1.459267497062683,-1.2691060673198535,0.19016142974282957,0.19016142974282957
C3H8Ir40O80,IrO2,110,alkanes_alkenes_alkynes,Propane,-1.3939512968063354,-1.0267485192757704,0.36720277753056507,0.36720277753056507
CH4Ir40N2O80,IrO2,110,amidines,Formimidamide,-3.2158658504486084,-0.7198163757975635,2.496049474651045,2.496049474651045
C2H6O81Ru40,RuO2,110,alcohols_aldehydes_ketones_ethers,Ethanol,-0.8478001952171326,-0.6817427712580866,0.166057423959046,0.166057423959046
CH4Ir40N2O80,IrO2,110,amidines,Formimidamide,-3.2370519638061523,-3.593216868765012,-0.35616490495885955,0.35616490495885955
C3H4O80Ru40,RuO2,110,alkanes_alkenes_alkynes,Prop-1-yne,-1.5249937772750854,-1.8525778911616726,-0.32758411388658715,0.32758411388658715
C2H6Ir40O80S,IrO2,110,thiols_thials_thioketones_thioethers,Ethanethiol,-3.521611452102661,-3.3019921562099626,0.21961929589269857,0.21961929589269857
C3H9Ir40NO80,IrO2,110,amines,Trimethylamine,-1.0374960899353027,-2.089241490223685,-1.0517454002883824,1.0517454002883824
C3H6O80Ru40S,RuO2,110,thiols_thials_thioketones_thioethers,Propane-2-thione,-1.217069387435913,-1.2525785180564526,-0.03550913062053951,0.03550913062053951
C2H6O81Ru40,RuO2,110,alcohols_aldehydes_ketones_ethers,Methoxymethane,-0.2945500910282135,-0.29022850111959997,0.004321589908613532,0.004321589908613532
C2H6Ir40O80,IrO2,110,alkanes_alkenes_alkynes,Ethane,-0.9778366088867188,-0.7386565316396627,0.23918007724705603,0.23918007724705603
C2H6Ir40N2O80,IrO2,110,amidines,Acetimidamide,-2.4582784175872803,-2.6338997320617636,-0.17562131447448337,0.17562131447448337
CH3Ir40NO80,IrO2,110,imines,Methanimine,-2.762638807296753,-2.839874798690289,-0.0772359913935361,0.0772359913935361
C2H6Ir40O80S,IrO2,110,thiols_thials_thioketones_thioethers,Dimethylsulfane,-2.5520663261413574,-2.555370350508383,-0.003304024367025704,0.003304024367025704
CH5NO80Ru40,RuO2,110,amines,Methanamine,-0.7598351836204529,-0.6818426159434239,0.077992567677029,0.077992567677029
C2H5NO81Ru40,RuO2,110,amides,Acetamide,-1.9644678831100464,-1.6363178277144925,0.32815005539555386,0.32815005539555386
CH3Ir40NO82,IrO2,110,carbamate-esters,Carbamic-acid,-0.4890883266925812,-1.1982757835680786,-0.7091874568754974,0.7091874568754974
C2H6Ir40O80S,IrO2,110,thiols_thials_thioketones_thioethers,Dimethylsulfane,-0.5285320281982422,-1.517528246025563,-0.9889962178273208,0.9889962178273208
C3H9N,None,None,amines,Trimethylamine,0.0,-0.00024663496151333675,-0.00024663496151333675,0.00024663496151333675
C3H7Ir40NO80,IrO2,110,imines,Propan-2-imine,-2.854844093322754,-0.8700818438983333,1.9847622494244206,1.9847622494244206
C2H7Ir40NO80,IrO2,110,amines,Ethanamine,-0.37686827778816223,-0.7675476789681852,-0.390679401180023,0.390679401180023
C3H6Ir40O80S,IrO2,110,thiols_thials_thioketones_thioethers,Propane-2-thione,-3.238874673843384,-3.117547387835657,0.1213272860077268,0.1213272860077268
C3H8Ir40O80S,IrO2,110,thiols_thials_thioketones_thioethers,Propane-2-thiol,-3.477344036102295,-3.415285806175234,0.06205822992706089,0.06205822992706089
CH2Ir40O82,IrO2,110,carbonates_carboxylic-acids_esters,Formic-acid,-2.1002957820892334,-2.3513706660883145,-0.25107488399908107,0.25107488399908107
C3H9NO80Ru40,RuO2,110,amines,Propan-2-amine,-0.8205997943878174,-0.5315285812666843,0.28907121312113304,0.28907121312113304
C2H6Ir40O80S,IrO2,110,thiols_thials_thioketones_thioethers,Dimethylsulfane,-2.608808994293213,-2.555370350508383,0.053438643784829765,0.053438643784829765
CH3NO81Ru40,RuO2,110,oximes,Formaldoxime,-0.4813805818557739,-0.9235049870806051,-0.4421244052248312,0.4421244052248312
CH4Ir40O81,IrO2,110,alcohols_aldehydes_ketones_ethers,Methanol,-0.16172492504119873,-0.6306378987464996,-0.46891297370530083,0.46891297370530083
C2H4Ir40O81,IrO2,110,alcohols_aldehydes_ketones_ethers,Acetaldehyde,-1.8185168504714966,-1.8603597811163581,-0.04184293064486155,0.04184293064486155
C2H6O81Ru40,RuO2,110,alcohols_aldehydes_ketones_ethers,Methoxymethane,-0.6331849694252014,-0.36724436498661817,0.26594060443858325,0.26594060443858325
C3H8S,None,None,thiols_thials_thioketones_thioethers,Propane-2-thiol,0.0,0.00021107187603774946,0.00021107187603774946,0.00021107187603774946
C2H5Ir40NO80,IrO2,110,imines,Ethanimine,-2.7357704639434814,-2.734272985642747,0.001497478300734656,0.001497478300734656
C2H5Ir40NO81,IrO2,110,amides,Acetamide,-0.5226708054542542,-0.526320990991735,-0.0036501855374808656,0.0036501855374808656
C3H7Ir40NO80,IrO2,110,imines,Propan-2-imine,-2.7806882858276367,-2.832601502016587,-0.05191321618895017,0.05191321618895017
CH4Ir40O80,IrO2,110,alkanes_alkenes_alkynes,Methane,-0.7326229214668274,-0.34858359214285883,0.38403932932396856,0.38403932932396856
C3H8O80Ru40,RuO2,110,alkanes_alkenes_alkynes,Propane,-0.6417942047119141,-0.6571610338305618,-0.015366829118647729,0.015366829118647729
C2H6Ir40O81,IrO2,110,alcohols_aldehydes_ketones_ethers,Methoxymethane,-1.0090974569320679,-0.6487219585646926,0.36037549836737526,0.36037549836737526
C2H6O80Ru40S,RuO2,110,thiols_thials_thioketones_thioethers,Ethanethiol,-0.2445947229862213,-1.1630289224676744,-0.9184341994814531,0.9184341994814531
C2H5Ir40NO81,IrO2,110,amides,Acetamide,-3.725090742111206,-3.6646569763779553,0.060433765733250766,0.060433765733250766
C2H4O82Ru40,RuO2,110,carbonates_carboxylic-acids_esters,Acetic-acid,-1.4043467044830322,-1.5413474249412502,-0.13700072045821798,0.13700072045821798
C3H8O81Ru40,RuO2,110,alcohols_aldehydes_ketones_ethers,Propan-2-ol,-0.6232528686523438,-0.7417913655290249,-0.11853849687668117,0.11853849687668117
C2H2O80Ru40,RuO2,110,alkanes_alkenes_alkynes,Acetylene,-1.2030253410339355,-1.1969339963302446,0.006091344703690993,0.006091344703690993
C2H4Ir40O80,IrO2,110,alkanes_alkenes_alkynes,Ethene,-2.0499541759490967,-1.8404540529052156,0.2095001230438811,0.2095001230438811
CH5Ir40NO80,IrO2,110,amines,Methanamine,-2.7799482345581055,-2.75382073118908,0.026127503369025362,0.026127503369025362
C2H5NO80Ru40,RuO2,110,imines,Ethanimine,-1.9023605585098267,-1.910146034936588,-0.007785476426761306,0.007785476426761306
C3H8Ir40O80,IrO2,110,alkanes_alkenes_alkynes,Propane,-0.22859087586402893,-0.6247480866686601,-0.3961572108046312,0.3961572108046312
C2H6O80Ru40S,RuO2,110,thiols_thials_thioketones_thioethers,Ethanethiol,-0.7372099161148071,-0.8321979864404057,-0.09498807032559853,0.09498807032559853
CH4O80Ru40,RuO2,110,alkanes_alkenes_alkynes,Methane,-0.46923956274986267,-0.30902822498592286,0.1602113377639398,0.1602113377639398
C2H5NO81Ru40,RuO2,110,amides,Acetamide,-0.30235400795936584,-0.37188663067627203,-0.06953262271690619,0.06953262271690619
CH2O81Ru40,RuO2,110,alcohols_aldehydes_ketones_ethers,Formaldehyde,-1.7076367139816284,-0.42233742107600847,1.28529929290562,1.28529929290562
C3H7Ir40NO80,IrO2,110,imines,Propan-2-imine,-0.02868662029504776,-0.5586204152887149,-0.5299337949936671,0.5299337949936671
C3H8Ir40O81,IrO2,110,alcohols_aldehydes_ketones_ethers,Propan-2-ol,-2.390626907348633,-2.2074533797222102,0.18317352762642258,0.18317352762642258
C2H2O80Ru40,RuO2,110,alkanes_alkenes_alkynes,Acetylene,-0.558383584022522,-0.4549684960356899,0.10341508798683208,0.10341508798683208
CH4O80Ru40,RuO2,110,alkanes_alkenes_alkynes,Methane,-0.4108835756778717,-0.5320665494928107,-0.12118297381493903,0.12118297381493903
CH2O80Ru40S,RuO2,110,thiols_thials_thioketones_thioethers,Methanethial,-1.6273972988128662,-0.7155608350267357,0.9118364637861305,0.9118364637861305
C3H4Ir40O80,IrO2,110,alkanes_alkenes_alkynes,Prop-1-yne,-0.6127803921699524,-0.6225276420973387,-0.009747249927386292,0.009747249927386292
C2H4Ir40O82,IrO2,110,carbonates_carboxylic-acids_esters,Acetic-acid,-2.4050779342651367,-2.2504680006754825,0.15460993358965425,0.15460993358965425
C3H8O80Ru40,RuO2,110,alkanes_alkenes_alkynes,Propane,-0.19244620203971863,-0.5138681834778254,-0.32142198143810674,0.32142198143810674
C3H6Ir40O81,IrO2,110,alcohols_aldehydes_ketones_ethers,Propan-2-one,-2.0159335136413574,-1.86363022180376,0.1523032918375975,0.1523032918375975
CH5N,None,None,amines,Methanamine,0.0,0.0007230093815451255,0.0007230093815451255,0.0007230093815451255
C2H4Ir40O80,IrO2,110,alkanes_alkenes_alkynes,Ethene,-2.0499541759490967,-1.7470885766219908,0.3028655993271059,0.3028655993271059
C2H6Ir40O81,IrO2,110,alcohols_aldehydes_ketones_ethers,Ethanol,-2.1278254985809326,-2.1357137983095527,-0.00788829972862004,0.00788829972862004
C3H4,None,None,alkanes_alkenes_alkynes,Prop-1-yne,0.0,0.0006740812677890062,0.0006740812677890062,0.0006740812677890062
C2H4Ir40O81,IrO2,110,alcohols_aldehydes_ketones_ethers,Acetaldehyde,-1.9465513229370117,-1.8827917847379467,0.06375953819906499,0.06375953819906499
C2H5NO80Ru40,RuO2,110,imines,Ethanimine,-1.9168095588684082,-1.910146034936588,0.006663523931820237,0.006663523931820237
C3H9NO80Ru40,RuO2,110,amines,Trimethylamine,-0.4818277060985565,-0.49202455247541366,-0.010196846376857138,0.010196846376857138
C2H4Ir40O80S,IrO2,110,thiols_thials_thioketones_thioethers,Ethanethial,-2.588972330093384,-1.0437034363308157,1.545268893762568,1.545268893762568
CH4Ir40O80S,IrO2,110,thiols_thials_thioketones_thioethers,Methanethiol,-0.32173091173171997,-0.95391787708013,-0.63218696534841,0.63218696534841
C3H6Ir40O81,IrO2,110,alcohols_aldehydes_ketones_ethers,Propan-2-one,-1.770695686340332,-0.8375557354092962,0.9331399509310359,0.9331399509310359
CH2Ir40O81,IrO2,110,alcohols_aldehydes_ketones_ethers,Formaldehyde,-1.1420687437057495,-1.236395574559765,-0.0943268308540155,0.0943268308540155
CH5Ir40NO80,IrO2,110,amines,Methanamine,-2.766110420227051,-2.7250487105611683,0.04106170966588252,0.04106170966588252
C3H6O81Ru40,RuO2,110,alcohols_aldehydes_ketones_ethers,Propan-2-one,-1.4562015533447266,-1.0414208373883866,0.4147807159563399,0.4147807159563399
CH4N2O80Ru40,RuO2,110,amidines,Formimidamide,-0.3953358829021454,-0.5997143064955708,-0.2043784235934254,0.2043784235934254
C3H8O80Ru40,RuO2,110,alkanes_alkenes_alkynes,Propane,-0.5394166707992554,-0.6109609034415371,-0.07154423264228171,0.07154423264228171
C2H6O80Ru40S,RuO2,110,thiols_thials_thioketones_thioethers,Ethanethiol,-0.8304409384727478,-0.7074080976876758,0.12303284078507204,0.12303284078507204
C2H6Ir40O81,IrO2,110,alcohols_aldehydes_ketones_ethers,Ethanol,-2.4760804176330566,-2.5359390201292626,-0.059858602496206004,0.059858602496206004
Ir40O80,IrO2,110,None,None,0.0,-1.005842536522323,-1.005842536522323,1.005842536522323
CH3Ir40NO82,IrO2,110,carbamate-esters,Carbamic-acid,-3.471883773803711,-2.972040600591754,0.49984317321195704,0.49984317321195704
C3H9NO80Ru40,RuO2,110,amines,Propan-2-amine,-2.1075446605682373,-1.8735189732085473,0.23402568735968998,0.23402568735968998
CH3Ir40NO81,IrO2,110,amides,Formamide,-3.6254026889801025,-2.5580770634023793,1.0673256255777233,1.0673256255777233
C3H4O80Ru40,RuO2,110,alkanes_alkenes_alkynes,Prop-1-yne,-1.2516264915466309,-1.220816188269282,0.030810303277348794,0.030810303277348794
C3H6O81Ru40,RuO2,110,alcohols_aldehydes_ketones_ethers,Propan-2-one,-1.459267497062683,-1.25310292861559,0.2061645684470932,0.2061645684470932
C2H6O81Ru40,RuO2,110,alcohols_aldehydes_ketones_ethers,Methoxymethane,-0.17997466027736664,-0.37050230249224114,-0.1905276422148745,0.1905276422148745
C3H6O81Ru40,RuO2,110,alcohols_aldehydes_ketones_ethers,Propan-2-one,-1.4285918474197388,-1.2580352379943633,0.17055660942537543,0.17055660942537543
C3H6O80Ru40S,RuO2,110,thiols_thials_thioketones_thioethers,Propane-2-thione,-1.8486064672470093,-1.74194630417378,0.10666016307322934,0.10666016307322934
CH2O82Ru40,RuO2,110,carbonates_carboxylic-acids_esters,Formic-acid,-1.1499013900756836,-1.2319646578343963,-0.08206326775871275,0.08206326775871275
CH4Ir40O80S,IrO2,110,thiols_thials_thioketones_thioethers,Methanethiol,-2.470672607421875,-2.97477888778576,-0.5041062803638852,0.5041062803638852
C3H8O81Ru40,RuO2,110,alcohols_aldehydes_ketones_ethers,Propan-2-ol,-0.6232528686523438,-0.6140788655675351,0.009174003084808646,0.009174003084808646
C2H4O80Ru40S,RuO2,110,thiols_thials_thioketones_thioethers,Ethanethial,-1.6718829870224,-1.3400678227812364,0.33181516424116353,0.33181516424116353
C2H4O80Ru40,RuO2,110,alkanes_alkenes_alkynes,Ethene,-1.1124134063720703,-1.0984598706129418,0.0139535357591285,0.0139535357591285
C2H6O80Ru40S,RuO2,110,thiols_thials_thioketones_thioethers,Ethanethiol,-1.7540119886398315,-1.847766425787995,-0.09375443714816356,0.09375443714816356
C2H4O82Ru40,RuO2,110,carbonates_carboxylic-acids_esters,Acetic-acid,-1.3215454816818237,-1.4479773654133794,-0.12643188373155567,0.12643188373155567
CH2O81Ru40,RuO2,110,alcohols_aldehydes_ketones_ethers,Formaldehyde,-0.20609812438488007,-0.4330520754256213,-0.22695395104074123,0.22695395104074123
C2H6O80Ru40,RuO2,110,alkanes_alkenes_alkynes,Ethane,-0.5246691703796387,-0.3576625290343145,0.16700664134532417,0.16700664134532417
C3H9NO80Ru40,RuO2,110,amines,Propan-2-amine,-2.144754648208618,-1.728233657986948,0.4165209902216702,0.4165209902216702
CH2O80Ru40S,RuO2,110,thiols_thials_thioketones_thioethers,Methanethial,-1.7693181037902832,-1.4048959767162046,0.3644221270740786,0.3644221270740786
C3H4O80Ru40,RuO2,110,alkanes_alkenes_alkynes,Prop-1-yne,-0.6010286808013916,-0.28867641940269095,0.31235226139870065,0.31235226139870065
CH4Ir40N2O80,IrO2,110,amidines,Formimidamide,-2.966956377029419,-1.1166254270738136,1.8503309499556053,1.8503309499556053
C2H5Ir40NO80,IrO2,110,imines,Ethanimine,-2.7349469661712646,-2.7337603250616667,0.0011866411095979856,0.0011866411095979856
C2H6O80Ru40S,RuO2,110,thiols_thials_thioketones_thioethers,Ethanethiol,-1.630557894706726,-1.848046617572436,-0.21748872286570986,0.21748872286570986
CH4O81Ru40,RuO2,110,alcohols_aldehydes_ketones_ethers,Methanol,-1.5885156393051147,-1.0415939838599115,0.5469216554452032,0.5469216554452032
C2H6O81Ru40,RuO2,110,alcohols_aldehydes_ketones_ethers,Methoxymethane,-1.296093463897705,-1.1299716848423031,0.16612177905540193,0.16612177905540193
CH2O83Ru40,RuO2,110,carbonates_carboxylic-acids_esters,Carbonic-acid,-1.8369945287704468,-1.8314211819533739,0.005573346817072888,0.005573346817072888
C2H6O81Ru40,RuO2,110,alcohols_aldehydes_ketones_ethers,Ethanol,-0.6890608072280884,-0.7463045019726451,-0.057243694744556706,0.057243694744556706
CH4O81Ru40,RuO2,110,alcohols_aldehydes_ketones_ethers,Methanol,-0.31471437215805054,-0.33924061215475376,-0.024526239996703225,0.024526239996703225
CH4Ir40O80S,IrO2,110,thiols_thials_thioketones_thioethers,Methanethiol,-3.142077922821045,-3.2105762423116175,-0.06849831949057261,0.06849831949057261
CH2Ir40O80S,IrO2,110,thiols_thials_thioketones_thioethers,Methanethial,-2.564100503921509,-2.0947011928483334,0.46939931107317534,0.46939931107317534
CH4O80Ru40S,RuO2,110,thiols_thials_thioketones_thioethers,Methanethiol,-2.292144298553467,-1.8104625050675622,0.48168179348590456,0.48168179348590456
C3H8O80Ru40,RuO2,110,alkanes_alkenes_alkynes,Propane,-0.5394166707992554,-0.5626889205113912,-0.023272249712135817,0.023272249712135817
C2H6S,None,None,thiols_thials_thioketones_thioethers,Dimethylsulfane,0.0,0.0009977780991903273,0.0009977780991903273,0.0009977780991903273
C2H5Ir40NO80,IrO2,110,imines,Ethanimine,-0.3944288194179535,-0.523608915287241,-0.12918009586928747,0.12918009586928747
C3H8Ir40O80,IrO2,110,alkanes_alkenes_alkynes,Propane,-0.17648303508758545,-0.6247480866686601,-0.44826505158107466,0.44826505158107466
CH3Ir40NO80,IrO2,110,imines,Methanimine,-2.1561923027038574,-2.709160571001121,-0.5529682682972634,0.5529682682972634
C2H6,None,None,alkanes_alkenes_alkynes,Ethane,0.0,-0.00263350742716284,-0.00263350742716284,0.00263350742716284
CH3NO82Ru40,RuO2,110,carbamate-esters,Carbamic-acid,-1.862529993057251,-1.7113244453337302,0.1512055477235208,0.1512055477235208
C2H6Ir40O80,IrO2,110,alkanes_alkenes_alkynes,Ethane,-0.9778366088867188,-0.7386656303406198,0.23917097854609892,0.23917097854609892
C3H8O80Ru40S,RuO2,110,thiols_thials_thioketones_thioethers,Propane-2-thiol,-2.3588435649871826,-2.3549939977833674,0.0038495672038152406,0.0038495672038152406
C3H6Ir40O81,IrO2,110,alcohols_aldehydes_ketones_ethers,Propan-2-one,-1.770695686340332,-1.7193377495998448,0.051357936740487276,0.051357936740487276
CH3Ir40NO81,IrO2,110,oximes,Formaldoxime,-2.7773914337158203,-2.7014251085238357,0.07596632519198465,0.07596632519198465
C2H5NO80Ru40,RuO2,110,imines,N-methylmethanimine,-0.6491614580154419,-0.7756793868593377,-0.1265179288438958,0.1265179288438958
C3H4O80Ru40,RuO2,110,alkanes_alkenes_alkynes,Prop-1-yne,-0.29978683590888977,-0.28867641940269095,0.011110416506198817,0.011110416506198817
C3H8O80Ru40S,RuO2,110,thiols_thials_thioketones_thioethers,Propane-2-thiol,-0.3947116732597351,-0.4147256045216636,-0.02001393126192852,0.02001393126192852
C3H4O80Ru40,RuO2,110,alkanes_alkenes_alkynes,Prop-1-yne,-1.2516264915466309,-1.2424030219948463,0.009223469551784547,0.009223469551784547
C3H6O81Ru40,RuO2,110,alcohols_aldehydes_ketones_ethers,Propan-2-one,-0.08462805300951004,-0.36294278840432526,-0.2783147353948152,0.2783147353948152
C3H7NO80Ru40,RuO2,110,imines,Propan-2-imine,-1.9818201065063477,-2.0162671367579605,-0.03444703025161289,0.03444703025161289
C3H8O80Ru40,RuO2,110,alkanes_alkenes_alkynes,Propane,-0.40236806869506836,-0.5732425700334716,-0.1708745013384032,0.1708745013384032
C2H6O81Ru40,RuO2,110,alcohols_aldehydes_ketones_ethers,Ethanol,-0.6903308033943176,-0.9601660936168628,-0.26983529022254515,0.26983529022254515
C2H6O80Ru40S,RuO2,110,thiols_thials_thioketones_thioethers,Dimethylsulfane,-0.16614699363708496,-0.6669828706167209,-0.5008358769796359,0.5008358769796359
C3H6O80Ru40,RuO2,110,alkanes_alkenes_alkynes,Propylene,-1.3277286291122437,-1.22268261202737,0.10504601708487371,0.10504601708487371
C2H4Ir40O80S,IrO2,110,thiols_thials_thioketones_thioethers,Ethanethial,-2.502474069595337,-2.6509391284462254,-0.14846505885088845,0.14846505885088845
C2H6Ir40N2O80,IrO2,110,amidines,Acetimidamide,-3.286905288696289,-3.057157562150678,0.22974772654561093,0.22974772654561093
C2H6Ir40O80S,IrO2,110,thiols_thials_thioketones_thioethers,Ethanethiol,-2.404695510864258,-2.9795886659831012,-0.5748931551188434,0.5748931551188434
C3H8O81Ru40,RuO2,110,alcohols_aldehydes_ketones_ethers,Propan-2-ol,-0.48705950379371643,-1.1450345842768002,-0.6579750804830837,0.6579750804830837
C3H6Ir40O80,IrO2,110,alkanes_alkenes_alkynes,Propylene,-0.2600111961364746,-0.8513978121236505,-0.5913866159871759,0.5913866159871759
C3H7Ir40NO80,IrO2,110,imines,Propan-2-imine,-2.808601140975952,-2.823110532561259,-0.01450939158530673,0.01450939158530673
C3H6S,None,None,thiols_thials_thioketones_thioethers,Propane-2-thione,0.0,0.000564896856303676,0.000564896856303676,0.000564896856303676
C3H9N,None,None,amines,Trimethylamine,0.0,-0.00024663496151333675,-0.00024663496151333675,0.00024663496151333675
C2H6O80Ru40,RuO2,110,alkanes_alkenes_alkynes,Ethane,-0.23423661291599274,-0.3538736130331017,-0.11963700011710898,0.11963700011710898
C3H8Ir40O80S,IrO2,110,thiols_thials_thioketones_thioethers,Propane-2-thiol,-0.5853323340415955,-2.569393196115925,-1.9840608620743296,1.9840608620743296
C2H6O80Ru40S,RuO2,110,thiols_thials_thioketones_thioethers,Dimethylsulfane,-0.36347976326942444,-0.6720578367803682,-0.3085780735109438,0.3085780735109438
C2H5NO,None,None,amides,Acetamide,0.0,-0.0009499464686086867,-0.0009499464686086867,0.0009499464686086867
CH4O80Ru40S,RuO2,110,thiols_thials_thioketones_thioethers,Methanethiol,-1.6977403163909912,-1.8104624749394134,-0.11272215854842216,0.11272215854842216
CH2O82Ru40,RuO2,110,carbonates_carboxylic-acids_esters,Formic-acid,-1.278113603591919,-1.2319646578343963,0.0461489457575226,0.0461489457575226
CH2Ir40O80S,IrO2,110,thiols_thials_thioketones_thioethers,Methanethial,-0.8572229146957397,-2.0947011928483334,-1.2374782781525937,1.2374782781525937
C2H6Ir40N2O80,IrO2,110,amidines,Acetimidamide,-4.457948684692383,-4.093937302912309,0.36401138178007386,0.36401138178007386
C3H4Ir40O80,IrO2,110,alkanes_alkenes_alkynes,Prop-1-yne,-1.9528359174728394,-2.1493401574780364,-0.19650424000519706,0.19650424000519706
CH4N2O80Ru40,RuO2,110,amidines,Formimidamide,-2.20259428024292,-2.1953116152171788,0.007282665025741153,0.007282665025741153
CH2O83Ru40,RuO2,110,carbonates_carboxylic-acids_esters,Carbonic-acid,-2.0807957649230957,-2.117884682887052,-0.03708891796395619,0.03708891796395619
CH2Ir40O80S,IrO2,110,thiols_thials_thioketones_thioethers,Methanethial,-2.415130853652954,-1.3352850168091663,1.0798458368437878,1.0798458368437878
C3H8Ir40O80,IrO2,110,alkanes_alkenes_alkynes,Propane,-1.134846806526184,-1.0040987795223373,0.1307480270038468,0.1307480270038468
C2H6O80Ru40,RuO2,110,alkanes_alkenes_alkynes,Ethane,-0.6709398031234741,-0.7232452001635465,-0.05230539704007242,0.05230539704007242
C3H8O81Ru40,RuO2,110,alcohols_aldehydes_ketones_ethers,Propan-2-ol,-0.7572684288024902,-0.9993297345822612,-0.24206130577977092,0.24206130577977092
C2H7NO80Ru40,RuO2,110,amines,Ethanamine,-2.103363513946533,-1.8113275746059116,0.29203593934062155,0.29203593934062155
C3H4O80Ru40,RuO2,110,alkanes_alkenes_alkynes,Prop-1-yne,-0.24069108068943024,-0.28867641940269095,-0.04798533871326072,0.04798533871326072
C2H4Ir40O80S,IrO2,110,thiols_thials_thioketones_thioethers,Ethanethial,-2.588972330093384,-2.6509391284462254,-0.06196679835284158,0.06196679835284158
CH3Ir40NO81,IrO2,110,oximes,Formaldoxime,-2.7819788455963135,-0.9602184563395895,1.821760389256724,1.821760389256724
C2H6Ir40N2O80,IrO2,110,amidines,Acetimidamide,-0.060982368886470795,-0.7998543942771903,-0.7388720253907195,0.7388720253907195
CH4Ir40O81,IrO2,110,alcohols_aldehydes_ketones_ethers,Methanol,-1.2759068012237549,-1.2877757580956768,-0.01186895687192191,0.01186895687192191
C3H9Ir40NO80,IrO2,110,amines,Propan-2-amine,-2.878056526184082,-2.8766718735623726,0.0013846526217093924,0.0013846526217093924
CH3Ir40NO80,IrO2,110,imines,Methanimine,-0.5223361849784851,-1.4694460779653014,-0.9471098929868162,0.9471098929868162
CH4O81Ru40,RuO2,110,alcohols_aldehydes_ketones_ethers,Methanol,-0.31471437215805054,-0.43067333756016524,-0.1159589654021147,0.1159589654021147
CH4O80Ru40S,RuO2,110,thiols_thials_thioketones_thioethers,Methanethiol,-1.4860243797302246,-1.85461587966347,-0.36859149993324536,0.36859149993324536
CH5Ir40NO80,IrO2,110,amines,Methanamine,-2.766110420227051,-2.75382073118908,0.012289689037970675,0.012289689037970675
C3H6Ir40O81,IrO2,110,alcohols_aldehydes_ketones_ethers,Propan-2-one,-1.5034236907958984,-1.7193377495998448,-0.21591405880394632,0.21591405880394632
C2H6Ir40N2O80,IrO2,110,amidines,Acetimidamide,-0.5491380095481873,-1.1083726040242254,-0.5592345944760382,0.5592345944760382
C3H6Ir40O81,IrO2,110,alcohols_aldehydes_ketones_ethers,Propan-2-one,-1.9989017248153687,-2.0030011102498975,-0.004099385434528813,0.004099385434528813
C3H9Ir40NO80,IrO2,110,amines,Propan-2-amine,-2.681627035140991,-2.8093185890866152,-0.12769155394562404,0.12769155394562404
C3H6Ir40O80S,IrO2,110,thiols_thials_thioketones_thioethers,Propane-2-thione,-0.3210182785987854,-1.3241349655162367,-1.0031166869174513,1.0031166869174513
C3H4O80Ru40,RuO2,110,alkanes_alkenes_alkynes,Prop-1-yne,-1.171462893486023,-1.2208162033333565,-0.04935330984733355,0.04935330984733355
C3H8S,None,None,thiols_thials_thioketones_thioethers,Propane-2-thiol,0.0,0.00021107187603774946,0.00021107187603774946,0.00021107187603774946
C2H6O,None,None,alcohols_aldehydes_ketones_ethers,Ethanol,0.0,0.0010209165175183443,0.0010209165175183443,0.0010209165175183443
C2H5NO81Ru40,RuO2,110,amides,Acetamide,-1.4639633893966675,-1.2578823978951732,0.20608099150149428,0.20608099150149428
C3H9Ir40NO80,IrO2,110,amines,Propan-2-amine,-0.4878682494163513,-1.039341543194496,-0.5514732937781446,0.5514732937781446
C3H8O80Ru40S,RuO2,110,thiols_thials_thioketones_thioethers,Propane-2-thiol,-0.5691189169883728,-0.41928194473075564,0.14983697225761716,0.14983697225761716
C2H6Ir40O81,IrO2,110,alcohols_aldehydes_ketones_ethers,Methoxymethane,-0.12101110816001892,-0.6487219585646926,-0.5277108504046737,0.5277108504046737
C2H4O80Ru40S,RuO2,110,thiols_thials_thioketones_thioethers,Ethanethial,-0.21411243081092834,-0.2860914242301078,-0.07197899341917946,0.07197899341917946
C2H4Ir40O81,IrO2,110,alcohols_aldehydes_ketones_ethers,Acetaldehyde,-1.9465513229370117,-1.8696712470607508,0.07688007587626089,0.07688007587626089
C3H6S,None,None,thiols_thials_thioketones_thioethers,Propane-2-thione,0.0,0.000564896856303676,0.000564896856303676,0.000564896856303676
C2H4Ir40O82,IrO2,110,carbonates_carboxylic-acids_esters,Acetic-acid,-1.7461878061294556,-2.0734886260520398,-0.3273008199225842,0.3273008199225842
CH2Ir40O81,IrO2,110,alcohols_aldehydes_ketones_ethers,Formaldehyde,-0.23596949875354767,-0.9071576644037123,-0.6711881656501646,0.6711881656501646
C3H6Ir40O81,IrO2,110,alcohols_aldehydes_ketones_ethers,Propan-2-one,-0.4055742919445038,-0.8375557354092962,-0.4319814434647924,0.4319814434647924
C3H9Ir40NO80,IrO2,110,amines,Propan-2-amine,-2.8161914348602295,-2.8093185890866152,0.0068728457736142445,0.0068728457736142445
CH2O2,None,None,carbonates_carboxylic-acids_esters,Formic-acid,0.0,0.0013552184573200066,0.0013552184573200066,0.0013552184573200066
C2H7N,None,None,amines,Ethanamine,0.0,0.000904260325114592,0.000904260325114592,0.000904260325114592
C2H4Ir40O81,IrO2,110,alcohols_aldehydes_ketones_ethers,Acetaldehyde,-0.6878052353858948,-1.2055975865614528,-0.517792351175558,0.517792351175558
C2H5Ir40NO80,IrO2,110,imines,Ethanimine,-0.3944288194179535,-0.7482401150246005,-0.35381129560664704,0.35381129560664704
C2H4O81Ru40,RuO2,110,alcohols_aldehydes_ketones_ethers,Acetaldehyde,-1.3763676881790161,-0.7572092649415936,0.6191584232374225,0.6191584232374225
C3H8Ir40O80S,IrO2,110,thiols_thials_thioketones_thioethers,Propane-2-thiol,-3.3981006145477295,-3.415285806175234,-0.017185191627504537,0.017185191627504537
C3H8Ir40O81,IrO2,110,alcohols_aldehydes_ketones_ethers,Propan-2-ol,-2.0562589168548584,-2.089884123638967,-0.03362520678410874,0.03362520678410874
CH3Ir40NO80,IrO2,110,imines,Methanimine,-2.752871036529541,-2.7692767125818136,-0.01640567605227261,0.01640567605227261
CH3NO82Ru40,RuO2,110,carbamate-esters,Carbamic-acid,-0.5261513590812683,-0.6841040347972012,-0.15795267571593286,0.15795267571593286
C2H6O81Ru40,RuO2,110,alcohols_aldehydes_ketones_ethers,Ethanol,-0.9579216837882996,-0.6501820289149691,0.30773965487333044,0.30773965487333044
C2H4O80Ru40S,RuO2,110,thiols_thials_thioketones_thioethers,Ethanethial,-0.48616594076156616,-0.5610555530488455,-0.0748896122872793,0.0748896122872793
C2H5Ir40NO80,IrO2,110,imines,Ethanimine,-2.7143750190734863,-2.734272985642747,-0.01989796656926046,0.01989796656926046
CH3NO81Ru40,RuO2,110,amides,Formamide,-1.6291782855987549,-1.604820505124735,0.02435778047401982,0.02435778047401982
C3H6Ir40O80S,IrO2,110,thiols_thials_thioketones_thioethers,Propane-2-thione,-2.9616990089416504,-2.968650942819295,-0.006951933877644478,0.006951933877644478
C3H8Ir40O81,IrO2,110,alcohols_aldehydes_ketones_ethers,Propan-2-ol,-2.0562589168548584,-2.2074533797222102,-0.15119446286735183,0.15119446286735183
C2H5NO80Ru40,RuO2,110,imines,Ethanimine,-1.9186038970947266,-1.911782897264402,0.006820999830324581,0.006820999830324581
CH2O80Ru40S,RuO2,110,thiols_thials_thioketones_thioethers,Methanethial,-0.9667832851409912,-0.8372095027225441,0.12957378241844708,0.12957378241844708
C3H4Ir40O80,IrO2,110,alkanes_alkenes_alkynes,Prop-1-yne,-1.8148880004882812,-0.6225276420973387,1.1923603583909426,1.1923603583909426
C2H7Ir40NO80,IrO2,110,amines,Ethanamine,-1.0799410343170166,-1.2666568747782776,-0.186715840461261,0.186715840461261
C3H4O80Ru40,RuO2,110,alkanes_alkenes_alkynes,Prop-1-yne,-0.18160241842269897,-0.2927663758673589,-0.1111639574446599,0.1111639574446599
C2H6Ir40O80S,IrO2,110,thiols_thials_thioketones_thioethers,Ethanethiol,-0.24240340292453766,-0.739963792018898,-0.4975603890943603,0.4975603890943603
C3H8O80Ru40S,RuO2,110,thiols_thials_thioketones_thioethers,Propane-2-thiol,-0.3714073896408081,-0.41928194473075564,-0.047874555089947535,0.047874555089947535
C3H7NO80Ru40,RuO2,110,imines,Propan-2-imine,-2.0472495555877686,-2.014626598795985,0.03262295679178351,0.03262295679178351
C2H4O82Ru40,RuO2,110,carbonates_carboxylic-acids_esters,Acetic-acid,-0.9988272190093994,-1.237530230774155,-0.2387030117647555,0.2387030117647555
C2H6Ir40O81,IrO2,110,alcohols_aldehydes_ketones_ethers,Ethanol,-2.1278254985809326,-0.8181736946817182,1.3096518038992144,1.3096518038992144
CH2O83Ru40,RuO2,110,carbonates_carboxylic-acids_esters,Carbonic-acid,-0.0748886689543724,-0.7049231882256208,-0.6300345192712484,0.6300345192712484
C2H6O80Ru40S,RuO2,110,thiols_thials_thioketones_thioethers,Ethanethiol,-2.3273215293884277,-2.2588973144211195,0.06842421496730822,0.06842421496730822
C3H8O81Ru40,RuO2,110,alcohols_aldehydes_ketones_ethers,Propan-2-ol,-1.722174048423767,-1.7287322185943594,-0.006558170170592348,0.006558170170592348
C2H4O81Ru40,RuO2,110,alcohols_aldehydes_ketones_ethers,Acetaldehyde,-1.2852226495742798,-1.2949344322270235,-0.00971178265274375,0.00971178265274375
C3H9NO80Ru40,RuO2,110,amines,Propan-2-amine,-1.8988723754882812,-1.2879862860679054,0.6108860894203758,0.6108860894203758
C2H7Ir40NO80,IrO2,110,amines,Ethanamine,-2.8022267818450928,-2.723392144423997,0.07883463742109598,0.07883463742109598
CH3Ir40NO81,IrO2,110,oximes,Formaldoxime,-1.4912084341049194,-1.3447523959239334,0.14645603818098607,0.14645603818098607
C3H6O80Ru40S,RuO2,110,thiols_thials_thioketones_thioethers,Propane-2-thione,-1.8287824392318726,-1.829620753905374,-0.0008383146735013725,0.0008383146735013725
C3H9Ir40NO80,IrO2,110,amines,Propan-2-amine,-2.750896453857422,-2.8093185890866152,-0.05842213522919337,0.05842213522919337
C2H4O80Ru40,RuO2,110,alkanes_alkenes_alkynes,Ethene,-1.1124134063720703,-1.1127372689502408,-0.00032386257817051955,0.00032386257817051955
C2H7NO80Ru40,RuO2,110,amines,Ethanamine,-0.2822464406490326,-0.3611185892468711,-0.07887214859783853,0.07887214859783853
CH2O,None,None,alcohols_aldehydes_ketones_ethers,Formaldehyde,0.0,-0.004380940061309957,-0.004380940061309957,0.004380940061309957
C2H6Ir40O80S,IrO2,110,thiols_thials_thioketones_thioethers,Ethanethiol,-3.199007272720337,-3.3167991772761525,-0.11779190455581556,0.11779190455581556
C2H7Ir40NO80,IrO2,110,amines,Ethanamine,-1.2038884162902832,-1.9417350374833404,-0.7378466211930572,0.7378466211930572
C3H7Ir40NO80,IrO2,110,imines,Propan-2-imine,-2.830420732498169,-2.832601502016587,-0.0021807695184179465,0.0021807695184179465
C3H7NO80Ru40,RuO2,110,imines,Propan-2-imine,-2.0319411754608154,-2.007609632412823,0.024331543047992454,0.024331543047992454
CH4Ir40N2O80,IrO2,110,amidines,Formimidamide,-4.367753028869629,-4.364021454946851,0.0037315739227778977,0.0037315739227778977
CH4O81Ru40,RuO2,110,alcohols_aldehydes_ketones_ethers,Methanol,-1.5916978120803833,-1.5701098497537487,0.021587962326634624,0.021587962326634624
C2H5Ir40NO80,IrO2,110,imines,N-methylmethanimine,-2.680413246154785,-1.2456697569199378,1.4347434892348474,1.4347434892348474
C3H8Ir40O80S,IrO2,110,thiols_thials_thioketones_thioethers,Propane-2-thiol,-0.6451002955436707,-0.4596060617341209,0.18549423380954977,0.18549423380954977
CH4N2O80Ru40,RuO2,110,amidines,Formimidamide,-2.357088088989258,-2.14405977759543,0.2130283113938276,0.2130283113938276
C3H9NO80Ru40,RuO2,110,amines,Trimethylamine,-0.36451029777526855,-0.49202455247541366,-0.1275142547001451,0.1275142547001451
C2H5Ir40NO81,IrO2,110,amides,Acetamide,-2.671963691711426,-2.7834609245546744,-0.11149723284324864,0.11149723284324864
CH3NO81Ru40,RuO2,110,oximes,Formaldoxime,-0.46820539236068726,-0.463040429679495,0.005164962681192264,0.005164962681192264
C2H2O80Ru40,RuO2,110,alkanes_alkenes_alkynes,Acetylene,-1.2166869640350342,-1.2287462183319349,-0.01205925429690069,0.01205925429690069
C3H4O80Ru40,RuO2,110,alkanes_alkenes_alkynes,Prop-1-yne,-0.29978683590888977,-0.2927663758673589,0.007020460041530896,0.007020460041530896
C3H4Ir40O80,IrO2,110,alkanes_alkenes_alkynes,Prop-1-yne,-1.9528359174728394,-0.9437300435415636,1.0091058739312757,1.0091058739312757
C3H9NO80Ru40,RuO2,110,amines,Propan-2-amine,-2.144754648208618,-1.648579984302387,0.4961746639062312,0.4961746639062312
CH4Ir40O81,IrO2,110,alcohols_aldehydes_ketones_ethers,Methanol,-1.8518341779708862,-1.8514835765386124,0.0003506014322738338,0.0003506014322738338
CH3Ir40NO80,IrO2,110,imines,Methanimine,-2.765001058578491,-2.7692767125818136,-0.0042756540033224155,0.0042756540033224155
CH3NO81Ru40,RuO2,110,oximes,Formaldoxime,-1.7681602239608765,-1.7796310145677126,-0.01147079060683609,0.01147079060683609
C3H6O80Ru40,RuO2,110,alkanes_alkenes_alkynes,Propylene,-0.18749672174453735,-0.38280278208549134,-0.195306060340954,0.195306060340954
C2H4Ir40O82,IrO2,110,carbonates_carboxylic-acids_esters,Acetic-acid,-2.42152738571167,-2.120596758591546,0.300930627120124,0.300930627120124
CH3NO80Ru40,RuO2,110,imines,Methanimine,-1.9970873594284058,-1.9890810618862815,0.00800629754212423,0.00800629754212423
C3H9NO80Ru40,RuO2,110,amines,Propan-2-amine,-0.40725353360176086,-0.5315285812666843,-0.12427504766492348,0.12427504766492348
C3H8O80Ru40S,RuO2,110,thiols_thials_thioketones_thioethers,Propane-2-thiol,-1.7551279067993164,-1.3548043213829715,0.40032358541634494,0.40032358541634494
CH2Ir40O80S,IrO2,110,thiols_thials_thioketones_thioethers,Methanethial,-0.8572229146957397,-2.0947011928483334,-1.2374782781525937,1.2374782781525937
C2H5Ir40NO80,IrO2,110,imines,N-methylmethanimine,-2.682219982147217,-0.9815018845420127,1.700718097605204,1.700718097605204
C3H6Ir40O80,IrO2,110,alkanes_alkenes_alkynes,Propylene,-2.0015599727630615,-2.0572973370581167,-0.05573736429505516,0.05573736429505516
C3H9Ir40NO80,IrO2,110,amines,Propan-2-amine,-2.1291580200195312,-2.2144943883681663,-0.085336368348635,0.085336368348635
CH4Ir40O81,IrO2,110,alcohols_aldehydes_ketones_ethers,Methanol,-2.341076135635376,-2.2910955081379143,0.04998062749746168,0.04998062749746168
C2H6N2O80Ru40,RuO2,110,amidines,Acetimidamide,-2.2366387844085693,-0.8915336884529097,1.3451050959556596,1.3451050959556596
C3H8O81Ru40,RuO2,110,alcohols_aldehydes_ketones_ethers,Propan-2-ol,-1.7450718879699707,-1.7385885822391174,0.006483305730853317,0.006483305730853317
CH3NO82Ru40,RuO2,110,carbamate-esters,Carbamic-acid,-0.6196406483650208,-0.6841040347972012,-0.06446338643218041,0.06446338643218041
C2H6O80Ru40,RuO2,110,alkanes_alkenes_alkynes,Ethane,-0.6593978404998779,-0.6249616952441102,0.03443614525576777,0.03443614525576777
CH4O80Ru40S,RuO2,110,thiols_thials_thioketones_thioethers,Methanethiol,-0.37184980511665344,-0.36375733303702873,0.008092472079624713,0.008092472079624713
C3H9NO80Ru40,RuO2,110,amines,Propan-2-amine,-1.8988723754882812,-1.7273287891639484,0.17154358632433286,0.17154358632433286
C3H8Ir40O80,IrO2,110,alkanes_alkenes_alkynes,Propane,-0.17648303508758545,-0.6247480866686601,-0.44826505158107466,0.44826505158107466
C2H6Ir40O80S,IrO2,110,thiols_thials_thioketones_thioethers,Ethanethiol,-3.193857431411743,-3.321127146116851,-0.12726971470510762,0.12726971470510762
C2H4Ir40O82,IrO2,110,carbonates_carboxylic-acids_esters,Acetic-acid,-2.337631940841675,-0.9953974387206017,1.342234502121073,1.342234502121073
C2H6O81Ru40,RuO2,110,alcohols_aldehydes_ketones_ethers,Ethanol,-0.6903308033943176,-0.7420167240825322,-0.05168592068821454,0.05168592068821454
CH3Ir40NO81,IrO2,110,amides,Formamide,-1.8287153244018555,-2.56790655273835,-0.7391912283364945,0.7391912283364945
C2H6Ir40O80S,IrO2,110,thiols_thials_thioketones_thioethers,Ethanethiol,-3.199007272720337,-3.299282189475889,-0.10027491675555211,0.10027491675555211
C2H6Ir40O80S,IrO2,110,thiols_thials_thioketones_thioethers,Dimethylsulfane,-2.492567300796509,-2.555370350508383,-0.06280304971187434,0.06280304971187434
CH4Ir40O81,IrO2,110,alcohols_aldehydes_ketones_ethers,Methanol,-2.389826774597168,-1.9786449121447731,0.41118186245239485,0.41118186245239485
CH2Ir40O80S,IrO2,110,thiols_thials_thioketones_thioethers,Methanethial,-2.636058807373047,-1.6377675339815596,0.9982912733914873,0.9982912733914873
C3H8O80Ru40S,RuO2,110,thiols_thials_thioketones_thioethers,Propane-2-thiol,-1.7089614868164062,-1.3548043213829715,0.3541571654334348,0.3541571654334348
CH4N2O80Ru40,RuO2,110,amidines,Formimidamide,-0.33411678671836853,-0.5239518941339156,-0.1898351074155471,0.1898351074155471
C2H2O80Ru40,RuO2,110,alkanes_alkenes_alkynes,Acetylene,-1.1907885074615479,-1.2287462183319349,-0.03795771087038702,0.03795771087038702
CH3Ir40NO81,IrO2,110,amides,Formamide,-0.48171451687812805,-0.7956773674623037,-0.3139628505841756,0.3139628505841756
C3H8Ir40O81,IrO2,110,alcohols_aldehydes_ketones_ethers,Propan-2-ol,-1.0674192905426025,-1.1063458834501034,-0.03892659290750089,0.03892659290750089
C2H4Ir40O81,IrO2,110,alcohols_aldehydes_ketones_ethers,Acetaldehyde,-3.265855312347412,-1.099059993210176,2.166795319137236,2.166795319137236
C2H6Ir40N2O80,IrO2,110,amidines,Acetimidamide,-3.0061304569244385,-3.057157562150678,-0.051027105226239655,0.051027105226239655
C2H4Ir40O81,IrO2,110,alcohols_aldehydes_ketones_ethers,Acetaldehyde,-1.2458548545837402,-1.45655296261981,-0.2106981080360697,0.2106981080360697
CH2Ir40O80S,IrO2,110,thiols_thials_thioketones_thioethers,Methanethial,-2.415130853652954,-1.9716298739631384,0.4435009796898157,0.4435009796898157
C2H6O81Ru40,RuO2,110,alcohols_aldehydes_ketones_ethers,Ethanol,-0.1829562783241272,-0.39326158819494594,-0.21030530987081875,0.21030530987081875
C2H5NO80Ru40,RuO2,110,imines,N-methylmethanimine,-1.823447823524475,-1.7305986574165217,0.09284916610795335,0.09284916610795335
CH3Ir40NO81,IrO2,110,amides,Formamide,-1.863741397857666,-0.7956773674623037,1.0680640303953624,1.0680640303953624
C2H7NO80Ru40,RuO2,110,amines,Ethanamine,-0.3300057649612427,-0.35609574478075956,-0.026089979819516884,0.026089979819516884
CH2Ir40O83,IrO2,110,carbonates_carboxylic-acids_esters,Carbonic-acid,-1.1927516460418701,-1.7372207040243666,-0.5444690579824965,0.5444690579824965
C2H2Ir40O80,IrO2,110,alkanes_alkenes_alkynes,Acetylene,-2.5189740657806396,-2.039578611173056,0.4793954546075838,0.4793954546075838
CH2O81Ru40,RuO2,110,alcohols_aldehydes_ketones_ethers,Formaldehyde,-0.264438271522522,-0.42233742107600847,-0.1578991495534865,0.1578991495534865
C2H6Ir40O81,IrO2,110,alcohols_aldehydes_ketones_ethers,Ethanol,-2.344968795776367,-1.4000773031829112,0.944891492593456,0.944891492593456
C3H6O80Ru40,RuO2,110,alkanes_alkenes_alkynes,Propylene,-1.3334174156188965,-1.332819464682757,0.0005979509361395685,0.0005979509361395685
C3H6O80Ru40S,RuO2,110,thiols_thials_thioketones_thioethers,Propane-2-thione,-1.8287824392318726,-0.8703864997396522,0.9583959394922204,0.9583959394922204
CH3NO81Ru40,RuO2,110,oximes,Formaldoxime,-2.256564140319824,-2.219112852820217,0.03745128749960713,0.03745128749960713
C3H8O80Ru40S,RuO2,110,thiols_thials_thioketones_thioethers,Propane-2-thiol,-1.680314302444458,-1.6506373301398298,0.02967697230462818,0.02967697230462818
C3H8O80Ru40,RuO2,110,alkanes_alkenes_alkynes,Propane,-0.7347290515899658,-0.6291512553689245,0.10557779622104135,0.10557779622104135
CH4N2O80Ru40,RuO2,110,amidines,Formimidamide,-1.5110210180282593,-1.9392005370882544,-0.4281795190599951,0.4281795190599951
C2H4O80Ru40S,RuO2,110,thiols_thials_thioketones_thioethers,Ethanethial,-1.7802640199661255,-1.3458778479888451,0.43438617197728036,0.43438617197728036
CH2O82Ru40,RuO2,110,carbonates_carboxylic-acids_esters,Formic-acid,-0.19747382402420044,-0.3574075243823245,-0.15993370035812404,0.15993370035812404
C2H6N2,None,None,amidines,Acetimidamide,0.0,0.00248514455233817,0.00248514455233817,0.00248514455233817
C3H6O80Ru40S,RuO2,110,thiols_thials_thioketones_thioethers,Propane-2-thione,-1.217069387435913,-1.2523591550045694,-0.035289767568656316,0.035289767568656316
C2H7NO80Ru40,RuO2,110,amines,Ethanamine,-2.0831358432769775,-1.8113275746059116,0.2718082686710659,0.2718082686710659
C3H9NO80Ru40,RuO2,110,amines,Propan-2-amine,-1.9024815559387207,-2.1153269235610423,-0.21284536762232165,0.21284536762232165
C3H6,None,None,alkanes_alkenes_alkynes,Propylene,0.0,-0.0012890689122286858,-0.0012890689122286858,0.0012890689122286858
CH2O81Ru40,RuO2,110,alcohols_aldehydes_ketones_ethers,Formaldehyde,-1.1898257732391357,-0.5951741752305679,0.5946515980085678,0.5946515980085678
C2H6O81Ru40,RuO2,110,alcohols_aldehydes_ketones_ethers,Ethanol,-1.626952052116394,-1.6720485468856623,-0.04509649476926825,0.04509649476926825
CH2O2,None,None,carbonates_carboxylic-acids_esters,Formic-acid,0.0,0.0013552184573200066,0.0013552184573200066,0.0013552184573200066
C3H9Ir40NO80,IrO2,110,amines,Propan-2-amine,-1.5352437496185303,-1.539482763679871,-0.00423901406134064,0.00423901406134064
CH2Ir40O82,IrO2,110,carbonates_carboxylic-acids_esters,Formic-acid,-3.3377254009246826,-2.7962639416709862,0.5414614592536964,0.5414614592536964
C2H5NO81Ru40,RuO2,110,amides,Acetamide,-1.9488540887832642,-1.9163965412126345,0.032457547570629686,0.032457547570629686
C3H8,None,None,alkanes_alkenes_alkynes,Propane,0.0,0.0008741321762499865,0.0008741321762499865,0.0008741321762499865
C2H4Ir40O80,IrO2,110,alkanes_alkenes_alkynes,Ethene,-2.370339870452881,-1.966600100022788,0.4037397704300929,0.4037397704300929
C3H6Ir40O80,IrO2,110,alkanes_alkenes_alkynes,Propylene,-2.2121331691741943,-2.110406635313666,0.10172653386052843,0.10172653386052843
CH5Ir40NO80,IrO2,110,amines,Methanamine,-2.769804000854492,-2.75382073118908,0.01598326966541208,0.01598326966541208
C2H4Ir40O81,IrO2,110,alcohols_aldehydes_ketones_ethers,Acetaldehyde,-1.8634510040283203,-1.8603597811163581,0.003091222911962177,0.003091222911962177
CH3NO81Ru40,RuO2,110,amides,Formamide,-2.5132827758789062,-1.604820505124735,0.9084622707541712,0.9084622707541712
C2H4O80Ru40,RuO2,110,alkanes_alkenes_alkynes,Ethene,-1.0869702100753784,-1.0984598706129418,-0.011489660537563395,0.011489660537563395
CH4N2O80Ru40,RuO2,110,amidines,Formimidamide,-2.20259428024292,-2.19777513369354,0.004819146549380093,0.004819146549380093
C2H4Ir40O80S,IrO2,110,thiols_thials_thioketones_thioethers,Ethanethial,-2.502474069595337,-2.6509391284462254,-0.14846505885088845,0.14846505885088845
CH3NO80Ru40,RuO2,110,imines,Methanimine,-1.9711624383926392,-1.9630353977054256,0.008127040687213594,0.008127040687213594
CH2Ir40O82,IrO2,110,carbonates_carboxylic-acids_esters,Formic-acid,-2.381772756576538,-0.8069068516197149,1.5748659049568232,1.5748659049568232
C2H4O2,None,None,carbonates_carboxylic-acids_esters,Acetic-acid,0.0,-0.0007685750124437618,-0.0007685750124437618,0.0007685750124437618
C3H9NO80Ru40,RuO2,110,amines,Propan-2-amine,-0.40725353360176086,-0.5315285812666843,-0.12427504766492348,0.12427504766492348
C3H9NO80Ru40,RuO2,110,amines,Trimethylamine,-0.7889701724052429,-0.9817630052082222,-0.19279283280297932,0.19279283280297932
CH5NO80Ru40,RuO2,110,amines,Methanamine,-2.015036106109619,-1.8625422039638124,0.15249390214580671,0.15249390214580671
C2H2Ir40O80,IrO2,110,alkanes_alkenes_alkynes,Acetylene,-2.021026849746704,-2.2373911186859914,-0.21636426893928729,0.21636426893928729
C3H9Ir40NO80,IrO2,110,amines,Propan-2-amine,-2.8161914348602295,-2.312158518803244,0.5040329160569854,0.5040329160569854
CH3Ir40NO82,IrO2,110,carbamate-esters,Carbamic-acid,-1.8681648969650269,-2.2509853009914877,-0.3828204040264609,0.3828204040264609
C3H9NO80Ru40,RuO2,110,amines,Trimethylamine,-0.7889701724052429,-0.49202455247541366,0.29694561992982926,0.29694561992982926
CH4Ir40O81,IrO2,110,alcohols_aldehydes_ketones_ethers,Methanol,-1.2759068012237549,-1.0668270316095914,0.20907976961416352,0.20907976961416352
C3H6Ir40O81,IrO2,110,alcohols_aldehydes_ketones_ethers,Propan-2-one,-1.222173810005188,-1.3442854698728297,-0.12211165986764172,0.12211165986764172
C2H4O,None,None,alcohols_aldehydes_ketones_ethers,Acetaldehyde,0.0,0.000867142445713398,0.000867142445713398,0.000867142445713398
C2H5NO80Ru40,RuO2,110,imines,Ethanimine,-0.6818129420280457,-1.3951666484111342,-0.7133537063830886,0.7133537063830886
CH2Ir40O83,IrO2,110,carbonates_carboxylic-acids_esters,Carbonic-acid,-3.3252744674682617,-2.8180803368268244,0.5071941306414374,0.5071941306414374
C3H9Ir40NO80,IrO2,110,amines,Trimethylamine,-0.4686322510242462,-1.1401950997246786,-0.6715628487004324,0.6715628487004324
C3H8O81Ru40,RuO2,110,alcohols_aldehydes_ketones_ethers,Propan-2-ol,-0.24033412337303162,-0.4802668616121082,-0.23993273823907657,0.23993273823907657
C2H6S,None,None,thiols_thials_thioketones_thioethers,Dimethylsulfane,0.0,0.0009977780991903273,0.0009977780991903273,0.0009977780991903273
C2H6Ir40O81,IrO2,110,alcohols_aldehydes_ketones_ethers,Methoxymethane,-1.0534008741378784,-0.8970615409502898,0.15633933318758864,0.15633933318758864
CH2O83Ru40,RuO2,110,carbonates_carboxylic-acids_esters,Carbonic-acid,-2.5231430530548096,-0.7049231882256208,1.8182198648291887,1.8182198648291887
C3H8Ir40O80,IrO2,110,alkanes_alkenes_alkynes,Propane,-1.134846806526184,-1.0040987795223373,0.1307480270038468,0.1307480270038468
C2H7NO80Ru40,RuO2,110,amines,Ethanamine,-0.3300057649612427,-0.3611185892468711,-0.03111282428562845,0.03111282428562845
C3H8Ir40O80S,IrO2,110,thiols_thials_thioketones_thioethers,Propane-2-thiol,-3.3981006145477295,-2.552557466017788,0.8455431485299414,0.8455431485299414
C3H8Ir40O80S,IrO2,110,thiols_thials_thioketones_thioethers,Propane-2-thiol,-0.33643868565559387,-0.4596060617341209,-0.12316737607852701,0.12316737607852701
C3H7NO80Ru40,RuO2,110,imines,Propan-2-imine,-0.43442288041114807,-0.40021884058705837,0.034204039824089705,0.034204039824089705
CH2O83Ru40,RuO2,110,carbonates_carboxylic-acids_esters,Carbonic-acid,-1.8413459062576294,-1.830645201351217,0.010700704906412284,0.010700704906412284
CH2O80Ru40S,RuO2,110,thiols_thials_thioketones_thioethers,Methanethial,-1.7424981594085693,-1.7091944153371514,0.033303744071417896,0.033303744071417896
C2H6Ir40N2O80,IrO2,110,amidines,Acetimidamide,-0.4444834589958191,-1.1083726040242254,-0.6638891450284063,0.6638891450284063
C2H6Ir40O80S,IrO2,110,thiols_thials_thioketones_thioethers,Ethanethiol,-3.208850383758545,-0.910630174585549,2.298220209172996,2.298220209172996
C3H4O80Ru40,RuO2,110,alkanes_alkenes_alkynes,Prop-1-yne,-1.202300786972046,-1.1521002678766763,0.0502005190953696,0.0502005190953696
CH5NO80Ru40,RuO2,110,amines,Methanamine,-2.015036106109619,-1.8622555346273657,0.15278057148225344,0.15278057148225344
CH4Ir40N2O80,IrO2,110,amidines,Formimidamide,-3.2080142498016357,-1.1166254270738136,2.091388822727822,2.091388822727822
C3H9Ir40NO80,IrO2,110,amines,Propan-2-amine,-2.1291580200195312,-2.319606136946277,-0.19044811692674557,0.19044811692674557
C2H4O80Ru40,RuO2,110,alkanes_alkenes_alkynes,Ethene,-1.1271307468414307,-1.0992061147321692,0.027924632109261438,0.027924632109261438
C2H5Ir40NO81,IrO2,110,amides,Acetamide,-0.42302876710891724,-0.526320990991735,-0.10329222388281778,0.10329222388281778
CH3Ir40NO82,IrO2,110,carbamate-esters,Carbamic-acid,-3.4360620975494385,-1.1982757835680786,2.23778631398136,2.23778631398136
CH5NO80Ru40,RuO2,110,amines,Methanamine,-0.3102518618106842,-0.8288621977981165,-0.5186103359874323,0.5186103359874323
C3H8O81Ru40,RuO2,110,alcohols_aldehydes_ketones_ethers,Propan-2-ol,-1.722174048423767,-1.530257848375129,0.19191620004863807,0.19191620004863807
CH4Ir40N2O80,IrO2,110,amidines,Formimidamide,-4.36998176574707,-1.1166254270738136,3.2533563386732567,3.2533563386732567
CH2O83Ru40,RuO2,110,carbonates_carboxylic-acids_esters,Carbonic-acid,-0.8827897310256958,-1.2079755712231872,-0.3251858401974914,0.3251858401974914
C2H2Ir40O80,IrO2,110,alkanes_alkenes_alkynes,Acetylene,-2.5189740657806396,-2.6940147890290973,-0.17504072324845765,0.17504072324845765
C3H6Ir40O80S,IrO2,110,thiols_thials_thioketones_thioethers,Propane-2-thione,-3.238874673843384,-3.4498608698122553,-0.21098619596887147,0.21098619596887147
C2H6Ir40O81,IrO2,110,alcohols_aldehydes_ketones_ethers,Ethanol,-0.41116026043891907,-0.8181736946817182,-0.4070134342427991,0.4070134342427991
C3H8O81Ru40,RuO2,110,alcohols_aldehydes_ketones_ethers,Propan-2-ol,-0.7572684288024902,-0.7417913655290249,0.015477063273465319,0.015477063273465319
C3H4O80Ru40,RuO2,110,alkanes_alkenes_alkynes,Prop-1-yne,-1.2420014142990112,-1.2210652426118713,0.020936171687139904,0.020936171687139904
CH4N2O80Ru40,RuO2,110,amidines,Formimidamide,-1.498257040977478,-1.401122990973704,0.09713405000377406,0.09713405000377406
CH2O81Ru40,RuO2,110,alcohols_aldehydes_ketones_ethers,Formaldehyde,-0.1896803230047226,-0.41620031715228833,-0.22651999414756574,0.22651999414756574
CH4O80Ru40,RuO2,110,alkanes_alkenes_alkynes,Methane,-0.3046092987060547,-0.31338523736212665,-0.008775938656071958,0.008775938656071958
CH2Ir40O80S,IrO2,110,thiols_thials_thioketones_thioethers,Methanethial,-2.52251935005188,-2.0947011928483334,0.42781815720354643,0.42781815720354643
C3H6O80Ru40,RuO2,110,alkanes_alkenes_alkynes,Propylene,-1.332061767578125,-0.9604250751845029,0.37163669239362207,0.37163669239362207
C3H8Ir40O80,IrO2,110,alkanes_alkenes_alkynes,Propane,-0.904345691204071,-1.0192205192315669,-0.11487482802749582,0.11487482802749582
C2H4O81Ru40,RuO2,110,alcohols_aldehydes_ketones_ethers,Acetaldehyde,-1.3769559860229492,-1.2949241811243724,0.08203180489857687,0.08203180489857687
C2H4O80Ru40,RuO2,110,alkanes_alkenes_alkynes,Ethene,-1.1271307468414307,-0.9694766557167895,0.15765409112464113,0.15765409112464113
C2H4Ir40O80S,IrO2,110,thiols_thials_thioketones_thioethers,Ethanethial,-3.173462152481079,-1.5308059547233483,1.6426561977577308,1.6426561977577308
C2H5NO81Ru40,RuO2,110,amides,Acetamide,-1.6318732500076294,-1.6582118631099547,-0.026338613102325326,0.026338613102325326
C3H6O80Ru40,RuO2,110,alkanes_alkenes_alkynes,Propylene,-1.3277286291122437,-1.3334501522870141,-0.005721523174770482,0.005721523174770482
C3H8O80Ru40,RuO2,110,alkanes_alkenes_alkynes,Propane,-0.3723996579647064,-0.36514069712029595,0.007258960844410467,0.007258960844410467
C2H6O81Ru40,RuO2,110,alcohols_aldehydes_ketones_ethers,Methoxymethane,-1.0197908878326416,-1.1271446702498906,-0.10735378241724902,0.10735378241724902
C2H4O81Ru40,RuO2,110,alcohols_aldehydes_ketones_ethers,Acetaldehyde,-0.4940979778766632,-0.6664553267301017,-0.17235734885343845,0.17235734885343845
C3H4O80Ru40,RuO2,110,alkanes_alkenes_alkynes,Prop-1-yne,-0.3526405096054077,-0.5155725328590961,-0.16293202325368839,0.16293202325368839
C2H4Ir40O82,IrO2,110,carbonates_carboxylic-acids_esters,Acetic-acid,-0.35462096333503723,-1.0643932797443085,-0.7097723164092713,0.7097723164092713
C2H6Ir40N2O80,IrO2,110,amidines,Acetimidamide,-4.457948684692383,-4.47555055948942,-0.017601874797037453,0.017601874797037453
C2H6Ir40O81,IrO2,110,alcohols_aldehydes_ketones_ethers,Ethanol,-1.5120214223861694,-0.8181736946817182,0.6938477277044512,0.6938477277044512
CH4Ir40O80,IrO2,110,alkanes_alkenes_alkynes,Methane,-0.090498186647892,-0.34858359214285883,-0.25808540549496684,0.25808540549496684
C2H5Ir40NO80,IrO2,110,imines,Ethanimine,-0.10763505846261978,-0.7482401150246005,-0.6406050565619807,0.6406050565619807
CH4N2,None,None,amidines,Formimidamide,0.0,0.0005914096273045288,0.0005914096273045288,0.0005914096273045288
C3H6Ir40O80S,IrO2,110,thiols_thials_thioketones_thioethers,Propane-2-thione,-0.782765805721283,-1.7142794141743707,-0.9315136084530877,0.9315136084530877
CH4O81Ru40,RuO2,110,alcohols_aldehydes_ketones_ethers,Methanol,-0.8117673993110657,-0.6183574242440955,0.19340997506697022,0.19340997506697022
C2H7NO80Ru40,RuO2,110,amines,Ethanamine,-0.7939477562904358,-0.3611185892468711,0.43282916704356467,0.43282916704356467
C2H6Ir40O80,IrO2,110,alkanes_alkenes_alkynes,Ethane,-0.8221453428268433,-0.7386656303406198,0.08347971248622343,0.08347971248622343
C3H8O80Ru40S,RuO2,110,thiols_thials_thioketones_thioethers,Propane-2-thiol,-1.680314302444458,-1.6543274860690644,0.025986816375393573,0.025986816375393573
C2H6O81Ru40,RuO2,110,alcohols_aldehydes_ketones_ethers,Methoxymethane,-0.17997466027736664,-0.2855091073688527,-0.10553444709148607,0.10553444709148607
CH4O80Ru40S,RuO2,110,thiols_thials_thioketones_thioethers,Methanethiol,-1.4860243797302246,-1.1767908281779,0.30923355155232457,0.30923355155232457
CH4Ir40O80S,IrO2,110,thiols_thials_thioketones_thioethers,Methanethiol,-3.1431918144226074,-2.97477888778576,0.16841292663684726,0.16841292663684726
CH3NO80Ru40,RuO2,110,imines,Methanimine,-1.9954522848129272,-1.9874360047019763,0.008016280110950902,0.008016280110950902
C2H5NO81Ru40,RuO2,110,amides,Acetamide,-1.9644678831100464,-1.9904655105829079,-0.025997627472861495,0.025997627472861495
C2H4O80Ru40,RuO2,110,alkanes_alkenes_alkynes,Ethene,-0.6126781105995178,-1.0351075741782552,-0.42242946357873734,0.42242946357873734
C3H7NO80Ru40,RuO2,110,imines,Propan-2-imine,-2.018087387084961,-2.016267076501663,0.0018203105832981237,0.0018203105832981237
C2H2Ir40O80,IrO2,110,alkanes_alkenes_alkynes,Acetylene,-2.5642411708831787,-2.2866513048988963,0.27758986598428237,0.27758986598428237
C2H5NO80Ru40,RuO2,110,imines,Ethanimine,-0.3174956738948822,-0.3150867546974041,0.002408919197478099,0.002408919197478099
CH2O80Ru40S,RuO2,110,thiols_thials_thioketones_thioethers,Methanethial,-0.9667832851409912,-0.787724620775407,0.17905866436558426,0.17905866436558426
CH4O80Ru40S,RuO2,110,thiols_thials_thioketones_thioethers,Methanethiol,-0.28641676902770996,-0.36375733303702873,-0.07734056400931877,0.07734056400931877
C3H8Ir40O80S,IrO2,110,thiols_thials_thioketones_thioethers,Propane-2-thiol,-3.382554769515991,-3.415286047200425,-0.032731277684433735,0.032731277684433735
CH2Ir40O83,IrO2,110,carbonates_carboxylic-acids_esters,Carbonic-acid,-1.067409873008728,-1.795683352539072,-0.728273479530344,0.728273479530344
C3H8Ir40O80,IrO2,110,alkanes_alkenes_alkynes,Propane,-1.1133947372436523,-1.2944061953929804,-0.18101145814932806,0.18101145814932806
CH4S,None,None,thiols_thials_thioketones_thioethers,Methanethiol,0.0,0.0013843825054209447,0.0013843825054209447,0.0013843825054209447
C3H6O80Ru40,RuO2,110,alkanes_alkenes_alkynes,Propylene,-1.332061767578125,-1.3300728319915152,0.0019889355866098413,0.0019889355866098413
C3H8O80Ru40S,RuO2,110,thiols_thials_thioketones_thioethers,Propane-2-thiol,-0.3714073896408081,-0.3506584574988665,0.020748932141941623,0.020748932141941623
CH3NO81Ru40,RuO2,110,amides,Formamide,-2.5132827758789062,-2.520876030310319,-0.007593254431412788,0.007593254431412788
C3H9NO80Ru40,RuO2,110,amines,Trimethylamine,-1.6991528272628784,-1.701327262721179,-0.0021744354583006498,0.0021744354583006498
C3H7Ir40NO80,IrO2,110,imines,Propan-2-imine,-2.808601140975952,-2.799844852932438,0.00875628804351436,0.00875628804351436
C2H6Ir40O80S,IrO2,110,thiols_thials_thioketones_thioethers,Dimethylsulfane,-2.5745344161987305,-2.555370350508383,0.019164065690347343,0.019164065690347343
C2H4Ir40O81,IrO2,110,alcohols_aldehydes_ketones_ethers,Acetaldehyde,-1.2258380651474,-1.2847378012689887,-0.05889973612158883,0.05889973612158883
C3H6O81Ru40,RuO2,110,alcohols_aldehydes_ketones_ethers,Propan-2-one,-1.058440089225769,-1.2531029135515155,-0.19466282432574644,0.19466282432574644
C2H4Ir40O81,IrO2,110,alcohols_aldehydes_ketones_ethers,Acetaldehyde,-1.8185168504714966,-1.8929114081474836,-0.07439455767598702,0.07439455767598702
C2H5NO80Ru40,RuO2,110,imines,Ethanimine,-0.3174956738948822,-0.3150867546974041,0.002408919197478099,0.002408919197478099
C3H8Ir40O80S,IrO2,110,thiols_thials_thioketones_thioethers,Propane-2-thiol,-0.36396321654319763,-2.115375731162203,-1.7514125146190054,1.7514125146190054
C3H8Ir40O81,IrO2,110,alcohols_aldehydes_ketones_ethers,Propan-2-ol,-0.2769356667995453,-0.8256337858783809,-0.5486981190788356,0.5486981190788356
CH5Ir40NO80,IrO2,110,amines,Methanamine,-0.4044719338417053,-1.3438553302914897,-0.9393833964497844,0.9393833964497844
C3H9NO80Ru40,RuO2,110,amines,Propan-2-amine,-1.987292766571045,-1.6578254696007662,0.32946729697027877,0.32946729697027877
CH2O83Ru40,RuO2,110,carbonates_carboxylic-acids_esters,Carbonic-acid,-2.0679545402526855,-1.7463456767272874,0.3216088635253982,0.3216088635253982
C3H8O80Ru40S,RuO2,110,thiols_thials_thioketones_thioethers,Propane-2-thiol,-0.3427651822566986,-0.4147256045216636,-0.07196042226496502,0.07196042226496502
CH3N,None,None,imines,Methanimine,0.0,-0.0018234217604913283,-0.0018234217604913283,0.0018234217604913283
C3H9Ir40NO80,IrO2,110,amines,Propan-2-amine,-0.4741363823413849,-1.8196328206345243,-1.3454964382931394,1.3454964382931394
C3H6Ir40O80S,IrO2,110,thiols_thials_thioketones_thioethers,Propane-2-thione,-0.7456895709037781,-1.704513103566569,-0.958823532662791,0.958823532662791
C2H6Ir40N2O80,IrO2,110,amidines,Acetimidamide,-2.411222457885742,-1.7583166748845542,0.652905783001188,0.652905783001188
C2H6Ir40O81,IrO2,110,alcohols_aldehydes_ketones_ethers,Ethanol,-2.344968795776367,-2.171421198293501,0.17354759748286597,0.17354759748286597
C2H6O81Ru40,RuO2,110,alcohols_aldehydes_ketones_ethers,Ethanol,-0.34245041012763977,-0.3883972177918622,-0.04594680766422243,0.04594680766422243
C2H6O80Ru40S,RuO2,110,thiols_thials_thioketones_thioethers,Ethanethiol,-2.313030242919922,-2.2588973144211195,0.05413292849880236,0.05413292849880236
C3H8O81Ru40,RuO2,110,alcohols_aldehydes_ketones_ethers,Propan-2-ol,-1.7450718879699707,-1.7385885822391174,0.006483305730853317,0.006483305730853317
C2H6Ir40O80S,IrO2,110,thiols_thials_thioketones_thioethers,Dimethylsulfane,-2.608808994293213,-2.6123099005853874,-0.003500906292174477,0.003500906292174477
C2H4O80Ru40S,RuO2,110,thiols_thials_thioketones_thioethers,Ethanethial,-1.3995556831359863,-1.5999743019954167,-0.20041861885943035,0.20041861885943035
CH3Ir40NO81,IrO2,110,amides,Formamide,-1.863741397857666,-1.9701478703204884,-0.10640647246282242,0.10640647246282242
CH4N2O80Ru40,RuO2,110,amidines,Formimidamide,-0.33411678671836853,-0.5951336829984939,-0.26101689628012537,0.26101689628012537
CH3NO,None,None,amides,Formamide,0.0,-0.0019482728093862534,-0.0019482728093862534,0.0019482728093862534
CH4Ir40O80,IrO2,110,alkanes_alkenes_alkynes,Methane,-0.7329444289207458,-0.46187694082664166,0.2710674880941042,0.2710674880941042
C2H6Ir40O80S,IrO2,110,thiols_thials_thioketones_thioethers,Ethanethiol,-2.368375062942505,-2.9795886659831012,-0.6112136030405964,0.6112136030405964
C2H6Ir40O80,IrO2,110,alkanes_alkenes_alkynes,Ethane,-0.839481770992279,-0.5277532229324606,0.3117285480598184,0.3117285480598184
C2H4Ir40O82,IrO2,110,carbonates_carboxylic-acids_esters,Acetic-acid,-1.7461878061294556,-1.7436613490478976,0.0025264570815579646,0.0025264570815579646
C3H8Ir40O81,IrO2,110,alcohols_aldehydes_ketones_ethers,Propan-2-ol,-0.20337353646755219,-0.8331453359533043,-0.6297717994857521,0.6297717994857521
C2H2O80Ru40,RuO2,110,alkanes_alkenes_alkynes,Acetylene,-1.2053968906402588,-1.2287462183319349,-0.02334932769167608,0.02334932769167608
C3H7NO80Ru40,RuO2,110,imines,Propan-2-imine,-2.018087387084961,-1.9552202764025424,0.06286711068241857,0.06286711068241857
C2H6Ir40O81,IrO2,110,alcohols_aldehydes_ketones_ethers,Methoxymethane,-1.0090974569320679,-0.8970616012065875,0.11203585572548036,0.11203585572548036
C2H5Ir40NO80,IrO2,110,imines,Ethanimine,-0.7986303567886353,-0.9488109750786862,-0.15018061829005092,0.15018061829005092
C2H6Ir40O81,IrO2,110,alcohols_aldehydes_ketones_ethers,Ethanol,-1.4896246194839478,-1.2465039601697754,0.24312065931417237,0.24312065931417237
C2H5NO80Ru40,RuO2,110,imines,Ethanimine,-1.9186038970947266,-1.910146034936588,0.008457862158138596,0.008457862158138596
C3H8O80Ru40S,RuO2,110,thiols_thials_thioketones_thioethers,Propane-2-thiol,-0.5276264548301697,-1.3496823854352442,-0.8220559306050745,0.8220559306050745
C2H4O80Ru40S,RuO2,110,thiols_thials_thioketones_thioethers,Ethanethial,-0.3324686884880066,-0.28143023806296696,0.05103845042503963,0.05103845042503963
C2H6Ir40O80S,IrO2,110,thiols_thials_thioketones_thioethers,Dimethylsulfane,-0.5285320281982422,-1.186126065231747,-0.6575940370335047,0.6575940370335047
C3H7Ir40NO80,IrO2,110,imines,Propan-2-imine,-0.02868662029504776,-0.8155331432026287,-0.786846522907581,0.786846522907581
C3H6Ir40O80S,IrO2,110,thiols_thials_thioketones_thioethers,Propane-2-thione,-2.8786487579345703,-2.976401107833226,-0.09775234989865567,0.09775234989865567
CH3NO81Ru40,RuO2,110,amides,Formamide,-0.40854349732398987,-0.3900954812870623,0.018448016036927584,0.018448016036927584
C3H4O80Ru40,RuO2,110,alkanes_alkenes_alkynes,Prop-1-yne,-0.1552523821592331,-0.32946125605849375,-0.17420887389926065,0.17420887389926065
C3H6Ir40O80S,IrO2,110,thiols_thials_thioketones_thioethers,Propane-2-thione,-0.782765805721283,-1.3241349655162367,-0.5413691597949537,0.5413691597949537
C2H4O82Ru40,RuO2,110,carbonates_carboxylic-acids_esters,Acetic-acid,-1.851710557937622,-1.5431027812785487,0.30860777665907335,0.30860777665907335
C2H4Ir40O82,IrO2,110,carbonates_carboxylic-acids_esters,Acetic-acid,-3.402022361755371,-1.5411256817656067,1.8608966799897644,1.8608966799897644
CH3NO80Ru40,RuO2,110,imines,Methanimine,-0.18569591641426086,-0.25181029081340967,-0.0661143743991488,0.0661143743991488
C2H6Ir40O81,IrO2,110,alcohols_aldehydes_ketones_ethers,Methoxymethane,-0.23268577456474304,-1.2239123526795765,-0.9912265781148335,0.9912265781148335
C2H5Ir40NO80,IrO2,110,imines,Ethanimine,-2.7357704639434814,-0.7482401150246005,1.987530348918881,1.987530348918881
C2H5NO81Ru40,RuO2,110,amides,Acetamide,-1.4639633893966675,-1.4575678443783886,0.006395545018278881,0.006395545018278881
C2H4Ir40O82,IrO2,110,carbonates_carboxylic-acids_esters,Acetic-acid,-1.2853450775146484,-0.9953974387206017,0.2899476387940467,0.2899476387940467
C3H6O80Ru40S,RuO2,110,thiols_thials_thioketones_thioethers,Propane-2-thione,-1.8486064672470093,-1.829766242736241,0.018840224510768167,0.018840224510768167
C3H7NO80Ru40,RuO2,110,imines,Propan-2-imine,-1.9220315217971802,-1.9190514336905835,0.002980088106596668,0.002980088106596668
CH2Ir40O80S,IrO2,110,thiols_thials_thioketones_thioethers,Methanethial,-1.9546602964401245,-2.0947011928483334,-0.14004089640820894,0.14004089640820894
CH5Ir40NO80,IrO2,110,amines,Methanamine,-0.1974053978919983,-0.6344548941824542,-0.43704949629045586,0.43704949629045586
CH4O80Ru40,RuO2,110,alkanes_alkenes_alkynes,Methane,-0.46182873845100403,-0.31338523736212665,0.14844350108887738,0.14844350108887738
C2H5NO81Ru40,RuO2,110,amides,Acetamide,-1.6318732500076294,-1.658005967340614,-0.026132717332984612,0.026132717332984612
CH3NO81Ru40,RuO2,110,oximes,Formaldoxime,-0.2766554355621338,-0.34749813519556483,-0.07084269963343104,0.07084269963343104
C2H6O81Ru40,RuO2,110,alcohols_aldehydes_ketones_ethers,Methoxymethane,-0.30626827478408813,-0.29022850111959997,0.016039773664488166,0.016039773664488166
C2H5Ir40NO80,IrO2,110,imines,N-methylmethanimine,-3.3017733097076416,-1.6522871023794323,1.6494862073282093,1.6494862073282093
C2H4O82Ru40,RuO2,110,carbonates_carboxylic-acids_esters,Acetic-acid,-1.3411883115768433,-0.5013191466564422,0.8398691649204011,0.8398691649204011
C2H6Ir40O80,IrO2,110,alkanes_alkenes_alkynes,Ethane,-0.8221453428268433,-1.2734134887630262,-0.4512681459361829,0.4512681459361829
C2H4O82Ru40,RuO2,110,carbonates_carboxylic-acids_esters,Acetic-acid,-1.3215454816818237,-1.5431027812785487,-0.221557299596725,0.221557299596725
CH4Ir40O80,IrO2,110,alkanes_alkenes_alkynes,Methane,-0.114272341132164,-0.5822441980949407,-0.46797185696277666,0.46797185696277666
C2H6Ir40O81,IrO2,110,alcohols_aldehydes_ketones_ethers,Ethanol,-3.0013198852539062,-3.0062750956340096,-0.004955210380103381,0.004955210380103381
C2H4Ir40O80S,IrO2,110,thiols_thials_thioketones_thioethers,Ethanethial,-2.083250045776367,-2.479665302142166,-0.396415256365799,0.396415256365799
C2H5Ir40NO81,IrO2,110,amides,Acetamide,-0.5226708054542542,-0.526320990991735,-0.0036501855374808656,0.0036501855374808656
CH3Ir40NO81,IrO2,110,oximes,Formaldoxime,-0.4372934103012085,-1.2968706779701051,-0.8595772676688966,0.8595772676688966
C2H6Ir40O80S,IrO2,110,thiols_thials_thioketones_thioethers,Ethanethiol,-0.24240340292453766,-0.5621667996915676,-0.3197633967670299,0.3197633967670299
C3H6Ir40O80,IrO2,110,alkanes_alkenes_alkynes,Propylene,-0.15899904072284698,-0.8513978121236505,-0.6923987714008035,0.6923987714008035
CH2Ir40O82,IrO2,110,carbonates_carboxylic-acids_esters,Formic-acid,-1.5694236755371094,-1.7994899236355195,-0.23006624809841014,0.23006624809841014
CH4Ir40O80,IrO2,110,alkanes_alkenes_alkynes,Methane,-0.7326229214668274,-1.1368987488292532,-0.40427582736242584,0.40427582736242584
C3H8Ir40O80,IrO2,110,alkanes_alkenes_alkynes,Propane,-0.8764341473579407,-0.9819078914761121,-0.10547374411817145,0.10547374411817145
C2H2Ir40O80,IrO2,110,alkanes_alkenes_alkynes,Acetylene,-2.5642411708831787,-2.188470175429302,0.3757709954538768,0.3757709954538768
C2H6O80Ru40S,RuO2,110,thiols_thials_thioketones_thioethers,Ethanethiol,-2.313030242919922,-1.848046617572436,0.46498362534748594,0.46498362534748594
C2H4Ir40O82,IrO2,110,carbonates_carboxylic-acids_esters,Acetic-acid,-2.4066011905670166,-0.9953974387206017,1.4112037518464149,1.4112037518464149
C3H8Ir40O80,IrO2,110,alkanes_alkenes_alkynes,Propane,-1.1133947372436523,-1.356377500336123,-0.24298276309247058,0.24298276309247058
C2H6O80Ru40S,RuO2,110,thiols_thials_thioketones_thioethers,Dimethylsulfane,-1.8343639373779297,-1.7917167708440047,0.042647166533924974,0.042647166533924974
C2H5Ir40NO81,IrO2,110,amides,Acetamide,-1.9378560781478882,-2.063514943395603,-0.12565886524771486,0.12565886524771486
C2H6Ir40O80S,IrO2,110,thiols_thials_thioketones_thioethers,Dimethylsulfane,-2.5520663261413574,-2.555370350508383,-0.003304024367025704,0.003304024367025704
C2H4Ir40O82,IrO2,110,carbonates_carboxylic-acids_esters,Acetic-acid,-0.35462096333503723,-0.9953974387206017,-0.6407764753855645,0.6407764753855645
C2H5NO80Ru40,RuO2,110,imines,Ethanimine,-0.6818129420280457,-0.6466455868012417,0.03516735522680392,0.03516735522680392
C2H4O80Ru40S,RuO2,110,thiols_thials_thioketones_thioethers,Ethanethial,-0.3324686884880066,-0.5206532836273254,-0.18818459513931884,0.18818459513931884
CH4,None,None,alkanes_alkenes_alkynes,Methane,0.0,0.00019721292756003095,0.00019721292756003095,0.00019721292756003095
C2H2,None,None,alkanes_alkenes_alkynes,Acetylene,0.0,-0.0007672493738937192,-0.0007672493738937192,0.0007672493738937192
C2H4O80Ru40S,RuO2,110,thiols_thials_thioketones_thioethers,Ethanethial,-0.21411243081092834,-1.327764096879946,-1.1136516660690177,1.1136516660690177
