System,Material,Surface,Molecule Group,Molecule,State,Dissociation,True_eV,Prediction_eV,Error_eV,Abs_error_eV
CH2Ir40O81,IrO2,110,alcohols_aldehydes_ketones_ethers,Formaldehyde,relaxed,tensor([False]),-1.5168205499649048,-1.517210383492909,-0.0003898335280041465,0.0003898335280041465
C3H8Ir40O81,IrO2,110,alcohols_aldehydes_ketones_ethers,Propan-2-ol,relaxed,tensor([False]),-1.2317934036254883,-1.1313859883028314,0.10040741532265685,0.10040741532265685
C2H4O80Ru40S,RuO2,110,thiols_thials_thioketones_thioethers,Ethanethial,relaxed,tensor([False]),-0.48616594076156616,-0.4196771437270286,0.06648879703453758,0.06648879703453758
C3H8O81Ti40,TiO2,110,alcohols_aldehydes_ketones_ethers,Propan-2-ol,relaxed,tensor([False]),-0.48190054297447205,-0.5180227202236836,-0.03612217724921152,0.03612217724921152
CH4O80STi40,TiO2,110,thiols_thials_thioketones_thioethers,Methanethiol,relaxed,tensor([False]),-1.12654447555542,-1.1228807686283346,0.0036637069270852862,0.0036637069270852862
C3H6O81Ru40,RuO2,110,alcohols_aldehydes_ketones_ethers,Propan-2-one,relaxed,tensor([False]),-1.4285918474197388,-1.3964825031140435,0.03210934430569523,0.03210934430569523
C2H5NO81Ru40,RuO2,110,amides,Acetamide,relaxed,tensor([False]),-1.5412219762802124,-1.6238829953751122,-0.08266101909489976,0.08266101909489976
C3H8O80STi40,TiO2,110,thiols_thials_thioketones_thioethers,Propane-2-thiol,relaxed,tensor([False]),-1.1872504949569702,-1.2004196365022786,-0.01316914154530835,0.01316914154530835
C2H5NO80Ti40,TiO2,110,imines,N-methylmethanimine,relaxed,tensor([False]),-0.1547090858221054,-0.18462595237758705,-0.029916866555481647,0.029916866555481647
C3H4Ir40O80,IrO2,110,alkanes_alkenes_alkynes,Prop-1-yne,relaxed,tensor([False]),-1.8148880004882812,-1.8601070974855816,-0.04521909699730031,0.04521909699730031
CH5Ir40NO80,IrO2,110,amines,Methanamine,relaxed,tensor([False]),-1.3857760429382324,-1.3262304561178517,0.05954558682038069,0.05954558682038069
C3H6O80Ru40S,RuO2,110,thiols_thials_thioketones_thioethers,Propane-2-thione,relaxed,tensor([False]),-1.8486064672470093,-1.8501242402346918,-0.0015177729876825197,0.0015177729876825197
C3H6Ir40O80S,IrO2,110,thiols_thials_thioketones_thioethers,Propane-2-thione,relaxed,tensor([False]),-0.3210182785987854,-0.30651354950998666,0.01450472908879874,0.01450472908879874
CH3NO81Ti40,TiO2,110,oximes,Formaldoxime,relaxed,tensor([False]),-1.4626352787017822,-1.4153491255014643,0.047286153200317926,0.047286153200317926
CH4O80Ti40,TiO2,110,alkanes_alkenes_alkynes,Methane,relaxed,tensor([False]),-0.3217616677284241,-0.3211657816579532,0.0005958860704708968,0.0005958860704708968
C2H5NO80Ti40,TiO2,110,imines,N-methylmethanimine,relaxed,tensor([False]),-0.37504562735557556,-0.33140985939712664,0.04363576795844892,0.04363576795844892
CH3NO81Ru40,RuO2,110,amides,Formamide,relaxed,tensor([False]),-0.40854349732398987,-0.3992069800770821,0.00933651724690776,0.00933651724690776
C3H8O80Ru40,RuO2,110,alkanes_alkenes_alkynes,Propane,relaxed,tensor([False]),-0.6417942047119141,-0.6537516656205753,-0.011957460908661233,0.011957460908661233
C2H6Ir40O81,IrO2,110,alcohols_aldehydes_ketones_ethers,Ethanol,relaxed,tensor([True]),-2.4760804176330566,-2.4772822994629564,-0.0012018818298997758,0.0012018818298997758
C3H6O80STi40,TiO2,110,thiols_thials_thioketones_thioethers,Propane-2-thione,relaxed,tensor([False]),-0.5105943083763123,-0.5080501887177888,0.002544119658523414,0.002544119658523414
C2H6O80STi40,TiO2,110,thiols_thials_thioketones_thioethers,Dimethylsulfane,relaxed,tensor([False]),-0.4137437045574188,-0.4138077921009824,-6.408754356357349e-05,6.408754356357349e-05
CH4O80Ti40,TiO2,110,alkanes_alkenes_alkynes,Methane,relaxed,tensor([False]),-0.353241890668869,-0.3537128427836933,-0.00047095211482428567,0.00047095211482428567
C3H8O80STi40,TiO2,110,thiols_thials_thioketones_thioethers,Propane-2-thiol,relaxed,tensor([False]),-1.1163079738616943,-1.2100801988299992,-0.09377222496830484,0.09377222496830484
C3H8O81Ru40,RuO2,110,alcohols_aldehydes_ketones_ethers,Propan-2-ol,relaxed,tensor([False]),-0.48705950379371643,-0.4925152096732006,-0.005455705879484185,0.005455705879484185
CH3Ir40NO81,IrO2,110,amides,Formamide,relaxed,tensor([False]),-0.48171451687812805,-0.4740720210559175,0.007642495822210549,0.007642495822210549
C3H8O81Ti40,TiO2,110,alcohols_aldehydes_ketones_ethers,Propan-2-ol,relaxed,tensor([False]),-0.5102192759513855,-0.4487046381660491,0.06151463778533639,0.06151463778533639
C2H6N2O80Ti40,TiO2,110,amidines,Acetimidamide,relaxed,tensor([False]),-0.5195944309234619,-0.47392772137712313,0.04566670954633878,0.04566670954633878
C2H6Ir40O81,IrO2,110,alcohols_aldehydes_ketones_ethers,Ethanol,relaxed,tensor([False]),-1.9985452890396118,-2.0668466605654316,-0.06830137152581983,0.06830137152581983
CH3NO82Ru40,RuO2,110,carbamate-esters,Carbamic-acid,relaxed,tensor([False]),-0.6196406483650208,-0.6178597932196226,0.0017808551453981636,0.0017808551453981636
C3H4O80Ti40,TiO2,110,alkanes_alkenes_alkynes,Prop-1-yne,relaxed,tensor([False]),-0.19648587703704834,-0.1925684319874108,0.003917445049637536,0.003917445049637536
C3H6O80Ti40,TiO2,110,alkanes_alkenes_alkynes,Propylene,relaxed,tensor([False]),-0.8696751594543457,-0.8661650430494063,0.0035101164049393674,0.0035101164049393674
C2H6Ir40O80S,IrO2,110,thiols_thials_thioketones_thioethers,Ethanethiol,relaxed,tensor([False]),-0.24240340292453766,-0.2857120754663356,-0.04330867254179793,0.04330867254179793
CH2Ir40O81,IrO2,110,alcohols_aldehydes_ketones_ethers,Formaldehyde,relaxed,tensor([False]),-0.2579692304134369,-0.25796106213965686,8.168273780029267e-06,8.168273780029267e-06
C3H9NO80Ti40,TiO2,110,amines,Propan-2-amine,relaxed,tensor([False]),-1.7500489950180054,-1.6924786403346843,0.05757035468332106,0.05757035468332106
CH4O80Ru40,RuO2,110,alkanes_alkenes_alkynes,Methane,relaxed,tensor([False]),-0.46182873845100403,-0.4198083536987838,0.04202038475222025,0.04202038475222025
C2H5NO81Ti40,TiO2,110,amides,Acetamide,relaxed,tensor([False]),-1.5766103267669678,-1.56074356794133,0.015866758825637817,0.015866758825637817
CH4O80Ti40,TiO2,110,alkanes_alkenes_alkynes,Methane,relaxed,tensor([False]),-0.1729573756456375,-0.1731654184376339,-0.00020804279199637676,0.00020804279199637676
C2H6Ir40O80S,IrO2,110,thiols_thials_thioketones_thioethers,Ethanethiol,relaxed,tensor([True]),-3.521611452102661,-3.490053375972707,0.031558076129954316,0.031558076129954316
CH5Ir40NO80,IrO2,110,amines,Methanamine,relaxed,tensor([False]),-0.4044719338417053,-0.4075361536219475,-0.0030642197802421833,0.0030642197802421833
C3H4O80Ti40,TiO2,110,alkanes_alkenes_alkynes,Prop-1-yne,relaxed,tensor([False]),-0.7562987208366394,-0.7670938222157133,-0.010795101379073913,0.010795101379073913
C3H7Ir40NO80,IrO2,110,imines,Propan-2-imine,relaxed,tensor([False]),-2.782057285308838,-2.802732989333549,-0.020675704024711195,0.020675704024711195
CH3Ir40NO82,IrO2,110,carbamate-esters,Carbamic-acid,relaxed,tensor([True]),-3.367225408554077,-3.3794617266630667,-0.012236318108989508,0.012236318108989508
CH4Ir40O80,IrO2,110,alkanes_alkenes_alkynes,Methane,relaxed,tensor([False]),-0.7329444289207458,-0.7300758178075739,0.002868611113171937,0.002868611113171937
CH2Ir40O80S,IrO2,110,thiols_thials_thioketones_thioethers,Methanethial,relaxed,tensor([False]),-3.2335870265960693,-2.8417580473875432,0.3918289792085261,0.3918289792085261
C2H4O80STi40,TiO2,110,thiols_thials_thioketones_thioethers,Ethanethial,relaxed,tensor([False]),-1.058721661567688,-1.0660543608789084,-0.007332699311220381,0.007332699311220381
C3H9Ir40NO80,IrO2,110,amines,Propan-2-amine,relaxed,tensor([False]),-2.750896453857422,-2.8189615142503044,-0.06806506039288251,0.06806506039288251
CH3NO80Ru40,RuO2,110,imines,Methanimine,relaxed,tensor([False]),-1.9954522848129272,-1.998981483838918,-0.0035291990259906925,0.0035291990259906925
CH2O80STi40,TiO2,110,thiols_thials_thioketones_thioethers,Methanethial,relaxed,tensor([False]),-0.23147186636924744,-0.2255344680388589,0.0059373983303885325,0.0059373983303885325
C2H6Ir40O81,IrO2,110,alcohols_aldehydes_ketones_ethers,Ethanol,relaxed,tensor([False]),-1.5120214223861694,-1.503407417795671,0.008614004590498325,0.008614004590498325
C2H6N2O80Ti40,TiO2,110,amidines,Acetimidamide,relaxed,tensor([False]),-1.963517665863037,-1.976425363249291,-0.012907697386253858,0.012907697386253858
C3H4O80Ru40,RuO2,110,alkanes_alkenes_alkynes,Prop-1-yne,relaxed,tensor([False]),-0.18160241842269897,-0.1837609887084568,-0.0021585702857578326,0.0021585702857578326
C2H6Ir40O81,IrO2,110,alcohols_aldehydes_ketones_ethers,Ethanol,relaxed,tensor([False]),-2.1278254985809326,-2.126987971434744,0.0008375271461886769,0.0008375271461886769
CH4Ir40O81,IrO2,110,alcohols_aldehydes_ketones_ethers,Methanol,relaxed,tensor([True]),-2.341076135635376,-2.3492238702407917,-0.008147734605415735,0.008147734605415735
C2H5NO80Ru40,RuO2,110,imines,Ethanimine,relaxed,tensor([False]),-1.9321399927139282,-1.9336599865966377,-0.0015199938827095139,0.0015199938827095139
C3H6O81Ru40,RuO2,110,alcohols_aldehydes_ketones_ethers,Propan-2-one,relaxed,tensor([False]),-1.4562015533447266,-1.4162734361292024,0.03992811721552414,0.03992811721552414
C3H9NO80Ti40,TiO2,110,amines,Trimethylamine,relaxed,tensor([False]),-0.7943454384803772,-0.7946445265195337,-0.00029908803915645876,0.00029908803915645876
C2H2O80Ru40,RuO2,110,alkanes_alkenes_alkynes,Acetylene,relaxed,tensor([False]),-1.2030253410339355,-1.2082226077354363,-0.00519726670150078,0.00519726670150078
C2H6O81Ru40,RuO2,110,alcohols_aldehydes_ketones_ethers,Ethanol,relaxed,tensor([False]),-1.626952052116394,-1.6239958223917625,0.0029562297246314984,0.0029562297246314984
C3H8O80STi40,TiO2,110,thiols_thials_thioketones_thioethers,Propane-2-thiol,relaxed,tensor([False]),-1.3242474794387817,-1.3155128217213772,0.00873465771740456,0.00873465771740456
C3H6O80Ti40,TiO2,110,alkanes_alkenes_alkynes,Propylene,relaxed,tensor([False]),-0.27204588055610657,-0.2240781207927398,0.04796775976336676,0.04796775976336676
CH3Ir40NO82,IrO2,110,carbamate-esters,Carbamic-acid,relaxed,tensor([False]),-1.8681648969650269,-1.828089256865951,0.04007564009907583,0.04007564009907583
CH3Ir40NO80,IrO2,110,imines,Methanimine,relaxed,tensor([False]),-2.765001058578491,-2.7458080958799655,0.019192962698525662,0.019192962698525662
CH3NO81Ti40,TiO2,110,amides,Formamide,relaxed,tensor([False]),-1.3809419870376587,-1.3720917505673995,0.008850236470259176,0.008850236470259176
CH3NO81Ti40,TiO2,110,amides,Formamide,relaxed,tensor([False]),-0.4511496126651764,-0.45064358361511836,0.0005060290500580322,0.0005060290500580322
C2H6N2O80Ru40,RuO2,110,amidines,Acetimidamide,relaxed,tensor([False]),-2.2366387844085693,-2.2024030408603608,0.034235743548208575,0.034235743548208575
CH4N2O80Ti40,TiO2,110,amidines,Formimidamide,relaxed,tensor([False]),-1.7374153137207031,-1.5647122002348794,0.17270311348582368,0.17270311348582368
C2H5NO81Ru40,RuO2,110,amides,Acetamide,relaxed,tensor([False]),-1.9644678831100464,-1.960589373093029,0.0038785100170173337,0.0038785100170173337
C2H4O80Ru40S,RuO2,110,thiols_thials_thioketones_thioethers,Ethanethial,relaxed,tensor([False]),-0.21411243081092834,-0.5368433721857855,-0.32273094137485714,0.32273094137485714
C3H8Ir40O80S,IrO2,110,thiols_thials_thioketones_thioethers,Propane-2-thiol,relaxed,tensor([False]),-0.21161767840385437,-0.21075467643504453,0.00086300196880984,0.00086300196880984
C3H6O81Ti40,TiO2,110,alcohols_aldehydes_ketones_ethers,Propan-2-one,relaxed,tensor([False]),-0.1815199851989746,-0.1901601344931123,-0.0086401492941377,0.0086401492941377
C2H6O80STi40,TiO2,110,thiols_thials_thioketones_thioethers,Dimethylsulfane,relaxed,tensor([False]),-1.2643786668777466,-1.2733205662880085,-0.008941899410261911,0.008941899410261911
C3H8O80Ru40S,RuO2,110,thiols_thials_thioketones_thioethers,Propane-2-thiol,relaxed,tensor([False]),-1.680314302444458,-1.70319921470022,-0.022884912255761947,0.022884912255761947
C2H6Ir40O80S,IrO2,110,thiols_thials_thioketones_thioethers,Ethanethiol,relaxed,tensor([True]),-3.193857431411743,-3.1843230859349205,0.009534345476822637,0.009534345476822637
C3H6O80STi40,TiO2,110,thiols_thials_thioketones_thioethers,Propane-2-thione,relaxed,tensor([False]),-1.0636247396469116,-0.815214244953296,0.24841049469361565,0.24841049469361565
C3H6O80Ru40S,RuO2,110,thiols_thials_thioketones_thioethers,Propane-2-thione,relaxed,tensor([False]),-1.701883316040039,-1.694689914270441,0.00719340176959804,0.00719340176959804
C3H8O80Ru40S,RuO2,110,thiols_thials_thioketones_thioethers,Propane-2-thiol,relaxed,tensor([False]),-0.34098929166793823,-0.33478794251732324,0.006201349150614988,0.006201349150614988
C2H7NO80Ti40,TiO2,110,amines,Ethanamine,relaxed,tensor([False]),-0.7141543626785278,-0.7276581332723708,-0.013503770593843,0.013503770593843
C2H6O80STi40,TiO2,110,thiols_thials_thioketones_thioethers,Dimethylsulfane,relaxed,tensor([False]),-0.07489924132823944,-0.0752370959091877,-0.00033785458094826026,0.00033785458094826026
C2H4O82Ru40,RuO2,110,carbonates_carboxylic-acids_esters,Acetic-acid,relaxed,tensor([True]),-2.504434823989868,-2.5188454047766413,-0.014410580786773153,0.014410580786773153
C2H6Ir40O81,IrO2,110,alcohols_aldehydes_ketones_ethers,Methoxymethane,relaxed,tensor([False]),-1.262027621269226,-1.2418853219320756,0.020142299337150504,0.020142299337150504
C2H4Ir40O81,IrO2,110,alcohols_aldehydes_ketones_ethers,Acetaldehyde,relaxed,tensor([True]),-3.1487274169921875,-3.1368131859077266,0.01191423108446088,0.01191423108446088
CH4O80Ru40S,RuO2,110,thiols_thials_thioketones_thioethers,Methanethiol,relaxed,tensor([False]),-0.28641676902770996,-0.27974306475601907,0.0066737042716908945,0.0066737042716908945
C2H7NO80Ti40,TiO2,110,amines,Ethanamine,relaxed,tensor([False]),-1.6834933757781982,-1.6846436944934453,-0.0011503187152470673,0.0011503187152470673
C2H4Ir40O82,IrO2,110,carbonates_carboxylic-acids_esters,Acetic-acid,relaxed,tensor([True]),-2.4050779342651367,-2.381771139967441,0.023306794297695888,0.023306794297695888
C3H8Ir40O80S,IrO2,110,thiols_thials_thioketones_thioethers,Propane-2-thiol,relaxed,tensor([True]),-3.477344036102295,-3.5159538906357284,-0.03860985453343346,0.03860985453343346
C3H8O80Ti40,TiO2,110,alkanes_alkenes_alkynes,Propane,relaxed,tensor([False]),-0.5189917683601379,-0.527923388716431,-0.008931620356293024,0.008931620356293024
C2H6Ir40O80S,IrO2,110,thiols_thials_thioketones_thioethers,Ethanethiol,relaxed,tensor([True]),-3.389265775680542,-3.43107876998738,-0.041812994306837936,0.041812994306837936
C2H5NO80Ru40,RuO2,110,imines,N-methylmethanimine,relaxed,tensor([False]),-0.25239330530166626,-0.2941754315459093,-0.041782126244243045,0.041782126244243045
CH2O81Ti40,TiO2,110,alcohols_aldehydes_ketones_ethers,Formaldehyde,relaxed,tensor([False]),-0.9530882835388184,-0.9384884644779845,0.014599819060833852,0.014599819060833852
C3H9NO80Ru40,RuO2,110,amines,Trimethylamine,relaxed,tensor([False]),-1.6991528272628784,-1.7214756790409922,-0.022322851778113773,0.022322851778113773
C2H7Ir40NO80,IrO2,110,amines,Ethanamine,relaxed,tensor([False]),-2.8022267818450928,-2.764150060906161,0.038076720938931885,0.038076720938931885
C2H2O80Ti40,TiO2,110,alkanes_alkenes_alkynes,Acetylene,relaxed,tensor([False]),-0.18391437828540802,-0.1827910987821042,0.00112327950330382,0.00112327950330382
CH4N2O80Ti40,TiO2,110,amidines,Formimidamide,relaxed,tensor([False]),-0.3610715866088867,-0.3802621062736762,-0.019190519664789463,0.019190519664789463
CH3NO81Ru40,RuO2,110,amides,Formamide,relaxed,tensor([False]),-1.6291782855987549,-1.5655065524963163,0.06367173310243857,0.06367173310243857
C2H2O80Ru40,RuO2,110,alkanes_alkenes_alkynes,Acetylene,relaxed,tensor([False]),-2.383702278137207,-2.3838183492882763,-0.00011607115106926358,0.00011607115106926358
C2H6O80Ti40,TiO2,110,alkanes_alkenes_alkynes,Ethane,relaxed,tensor([False]),-0.40665948390960693,-0.42066022766087485,-0.014000743751267919,0.014000743751267919
C3H8Ir40O80,IrO2,110,alkanes_alkenes_alkynes,Propane,relaxed,tensor([False]),-0.904345691204071,-0.9518310479690797,-0.047485356765008646,0.047485356765008646
C2H7NO80Ru40,RuO2,110,amines,Ethanamine,relaxed,tensor([False]),-2.0831358432769775,-2.077721078101348,0.0054147651756295545,0.0054147651756295545
C3H4O80Ru40,RuO2,110,alkanes_alkenes_alkynes,Prop-1-yne,relaxed,tensor([False]),-0.24069108068943024,-0.24263223294337877,-0.0019411522539485304,0.0019411522539485304
CH5Ir40NO80,IrO2,110,amines,Methanamine,relaxed,tensor([False]),-2.7799482345581055,-2.7771240987412966,0.002824135816808848,0.002824135816808848
CH2O80STi40,TiO2,110,thiols_thials_thioketones_thioethers,Methanethial,relaxed,tensor([False]),-0.9843011498451233,-0.8837310909194969,0.10057005892562643,0.10057005892562643
CH4Ir40O81,IrO2,110,alcohols_aldehydes_ketones_ethers,Methanol,relaxed,tensor([False]),-1.2759068012237549,-1.2898166837989393,-0.01390988257518444,0.01390988257518444
C3H8O80Ti40,TiO2,110,alkanes_alkenes_alkynes,Propane,relaxed,tensor([False]),-0.3789082467556,-0.37814558930082853,0.0007626574547714426,0.0007626574547714426
CH3NO82Ti40,TiO2,110,carbamate-esters,Carbamic-acid,relaxed,tensor([False]),-1.5072994232177734,-1.395980100862296,0.11131932235547737,0.11131932235547737
CH2O81Ru40,RuO2,110,alcohols_aldehydes_ketones_ethers,Formaldehyde,relaxed,tensor([False]),-0.20609812438488007,-0.20272437584253566,0.0033737485423444014,0.0033737485423444014
C2H6O80Ti40,TiO2,110,alkanes_alkenes_alkynes,Ethane,relaxed,tensor([False]),-0.23364023864269257,-0.23556233093586343,-0.0019220922931708628,0.0019220922931708628
C2H5NO80Ru40,RuO2,110,imines,Ethanimine,relaxed,tensor([False]),-0.6818129420280457,-0.6760555877112324,0.005757354316813235,0.005757354316813235
CH2O82Ti40,TiO2,110,carbonates_carboxylic-acids_esters,Formic-acid,relaxed,tensor([False]),-0.8857478499412537,-0.8872031487491938,-0.001455298807940153,0.001455298807940153
CH2O83Ti40,TiO2,110,carbonates_carboxylic-acids_esters,Carbonic-acid,relaxed,tensor([False]),-0.7720767259597778,-0.7725587488294536,-0.0004820228696758022,0.0004820228696758022
C2H5Ir40NO80,IrO2,110,imines,N-methylmethanimine,relaxed,tensor([True]),-2.686765432357788,-2.6995057865149192,-0.01274035415713115,0.01274035415713115
C3H8O80STi40,TiO2,110,thiols_thials_thioketones_thioethers,Propane-2-thiol,relaxed,tensor([False]),-0.3488702178001404,-0.3934107430696372,-0.04454052526949681,0.04454052526949681
C2H4O82Ru40,RuO2,110,carbonates_carboxylic-acids_esters,Acetic-acid,relaxed,tensor([False]),-1.2417114973068237,-1.1677798131598216,0.07393168414700213,0.07393168414700213
CH3Ir40NO81,IrO2,110,oximes,Formaldoxime,relaxed,tensor([False]),-0.2653897702693939,-0.2653774502570059,1.2320012388045143e-05,1.2320012388045143e-05
C2H2Ir40O80,IrO2,110,alkanes_alkenes_alkynes,Acetylene,relaxed,tensor([False]),-2.021026849746704,-1.999566609388637,0.02146024035806704,0.02146024035806704
CH3NO82Ti40,TiO2,110,carbamate-esters,Carbamic-acid,relaxed,tensor([False]),-0.4718996286392212,-0.4774723201729216,-0.005572691533700436,0.005572691533700436
C2H4O82Ru40,RuO2,110,carbonates_carboxylic-acids_esters,Acetic-acid,relaxed,tensor([False]),-0.9988272190093994,-1.1065401989483377,-0.10771297993893825,0.10771297993893825
CH3NO82Ti40,TiO2,110,carbamate-esters,Carbamic-acid,relaxed,tensor([False]),-1.6124732494354248,-1.391586848380939,0.22088640105448576,0.22088640105448576
C3H9NO80Ru40,RuO2,110,amines,Propan-2-amine,relaxed,tensor([False]),-0.3821013271808624,-0.4319431379268224,-0.04984181074595995,0.04984181074595995
CH4Ir40N2O80,IrO2,110,amidines,Formimidamide,relaxed,tensor([True]),-4.367753028869629,-4.365251214298951,0.002501814570678107,0.002501814570678107
C2H4O82Ti40,TiO2,110,carbonates_carboxylic-acids_esters,Acetic-acid,relaxed,tensor([False]),-0.8756662607192993,-0.8739179044329575,0.0017483562863418456,0.0017483562863418456
C2H6O80Ru40S,RuO2,110,thiols_thials_thioketones_thioethers,Dimethylsulfane,relaxed,tensor([False]),-1.8343639373779297,-1.8158456351136465,0.018518302264283193,0.018518302264283193
C2H6O81Ru40,RuO2,110,alcohols_aldehydes_ketones_ethers,Ethanol,relaxed,tensor([False]),-0.6890608072280884,-0.6664057618115464,0.022655045416541952,0.022655045416541952
C3H8O80STi40,TiO2,110,thiols_thials_thioketones_thioethers,Propane-2-thiol,relaxed,tensor([False]),-0.3972393274307251,-0.3902528903591076,0.006986437071617502,0.006986437071617502
C2H4O81Ti40,TiO2,110,alcohols_aldehydes_ketones_ethers,Acetaldehyde,relaxed,tensor([False]),-1.101556420326233,-1.0731921494447434,0.028364270881489517,0.028364270881489517
CH2Ir40O83,IrO2,110,carbonates_carboxylic-acids_esters,Carbonic-acid,relaxed,tensor([False]),-1.067409873008728,-1.1905091605074194,-0.12309928749869137,0.12309928749869137
C2H6O80Ru40S,RuO2,110,thiols_thials_thioketones_thioethers,Dimethylsulfane,relaxed,tensor([False]),-0.16614699363708496,-0.165813696602072,0.00033329703501294716,0.00033329703501294716
C3H7NO80Ti40,TiO2,110,imines,Propan-2-imine,relaxed,tensor([False]),-1.5944355726242065,-1.5906048402135866,0.0038307324106199303,0.0038307324106199303
C2H4O80Ru40,RuO2,110,alkanes_alkenes_alkynes,Ethene,relaxed,tensor([False]),-1.0869702100753784,-1.1084658852021292,-0.02149567512675077,0.02149567512675077
C2H4O80STi40,TiO2,110,thiols_thials_thioketones_thioethers,Ethanethial,relaxed,tensor([False]),-1.0719074010849,-1.0851066120002173,-0.013199210915317394,0.013199210915317394
CH3NO82Ti40,TiO2,110,carbamate-esters,Carbamic-acid,relaxed,tensor([False]),-1.2314285039901733,-1.3513628696400772,-0.1199343656499039,0.1199343656499039
CH3NO81Ru40,RuO2,110,oximes,Formaldoxime,relaxed,tensor([True]),-0.4813805818557739,-0.4816134654182065,-0.00023288356243256203,0.00023288356243256203
C2H4O80Ru40,RuO2,110,alkanes_alkenes_alkynes,Ethene,relaxed,tensor([False]),-0.3849923014640808,-0.38296964177192194,0.002022659692158868,0.002022659692158868
C3H8O81Ti40,TiO2,110,alcohols_aldehydes_ketones_ethers,Propan-2-ol,relaxed,tensor([False]),-0.28302741050720215,-0.28481936787630957,-0.001791957369107422,0.001791957369107422
CH2O80STi40,TiO2,110,thiols_thials_thioketones_thioethers,Methanethial,relaxed,tensor([False]),-0.2490115612745285,-0.6385916988601252,-0.38958013758559673,0.38958013758559673
C2H4O82Ti40,TiO2,110,carbonates_carboxylic-acids_esters,Acetic-acid,relaxed,tensor([False]),-0.3795280158519745,-0.37900570299882475,0.0005223128531497423,0.0005223128531497423
C2H6O80Ru40S,RuO2,110,thiols_thials_thioketones_thioethers,Dimethylsulfane,relaxed,tensor([False]),-1.8045260906219482,-1.804267971763295,0.0002581188586532335,0.0002581188586532335
C3H8Ir40O80S,IrO2,110,thiols_thials_thioketones_thioethers,Propane-2-thiol,relaxed,tensor([False]),-0.5853323340415955,-0.5922405768823751,-0.0069082428407796215,0.0069082428407796215
CH3NO81Ru40,RuO2,110,oximes,Formaldoxime,relaxed,tensor([False]),-0.46820539236068726,-0.46364207990683326,0.004563312453853996,0.004563312453853996
C2H6O80STi40,TiO2,110,thiols_thials_thioketones_thioethers,Ethanethiol,relaxed,tensor([False]),-1.258194088935852,-1.203905944381571,0.054288144554281104,0.054288144554281104
CH2Ir40O83,IrO2,110,carbonates_carboxylic-acids_esters,Carbonic-acid,relaxed,tensor([True]),-2.409914255142212,-2.3745900536754334,0.035324201466778504,0.035324201466778504
CH4O80Ru40,RuO2,110,alkanes_alkenes_alkynes,Methane,relaxed,tensor([False]),-0.4729336202144623,-0.49369104084695437,-0.020757420632492085,0.020757420632492085
C3H8O81Ti40,TiO2,110,alcohols_aldehydes_ketones_ethers,Propan-2-ol,relaxed,tensor([False]),-1.361841082572937,-1.4089390672817572,-0.047097984708820206,0.047097984708820206
C3H8O80Ru40,RuO2,110,alkanes_alkenes_alkynes,Propane,relaxed,tensor([False]),-0.5394166707992554,-0.5421394363636978,-0.0027227655644423976,0.0027227655644423976
CH2O82Ti40,TiO2,110,carbonates_carboxylic-acids_esters,Formic-acid,relaxed,tensor([False]),-1.3456436395645142,-1.3437192499450532,0.0019243896194609533,0.0019243896194609533
C2H5NO81Ru40,RuO2,110,amides,Acetamide,relaxed,tensor([False]),-1.559349536895752,-1.591611965402194,-0.03226242850644212,0.03226242850644212
CH4O81Ti40,TiO2,110,alcohols_aldehydes_ketones_ethers,Methanol,relaxed,tensor([False]),-1.3045084476470947,-1.3148324437815901,-0.010323996134495417,0.010323996134495417
CH3NO81Ti40,TiO2,110,oximes,Formaldoxime,relaxed,tensor([False]),-1.0520294904708862,-1.0537591886269695,-0.0017296981560832592,0.0017296981560832592
C2H6Ir40N2O80,IrO2,110,amidines,Acetimidamide,relaxed,tensor([False]),-0.4444834589958191,-0.44302500906673004,0.0014584499290890562,0.0014584499290890562
C2H4O80STi40,TiO2,110,thiols_thials_thioketones_thioethers,Ethanethial,relaxed,tensor([False]),-0.24245212972164154,-0.24138751131943081,0.0010646184022107263,0.0010646184022107263
CH2O81Ti40,TiO2,110,alcohols_aldehydes_ketones_ethers,Formaldehyde,relaxed,tensor([False]),-0.25099286437034607,-0.2538964734279716,-0.0029036090576255447,0.0029036090576255447
C3H4Ir40O80,IrO2,110,alkanes_alkenes_alkynes,Prop-1-yne,relaxed,tensor([False]),-1.8748815059661865,-1.8776580478648839,-0.00277654189869736,0.00277654189869736
C2H6O80Ru40,RuO2,110,alkanes_alkenes_alkynes,Ethane,relaxed,tensor([False]),-0.6593978404998779,-0.6092978732105507,0.050099967289327196,0.050099967289327196
CH4O80Ru40S,RuO2,110,thiols_thials_thioketones_thioethers,Methanethiol,relaxed,tensor([False]),-0.37184980511665344,-0.37278105187454,-0.0009312467578865835,0.0009312467578865835
CH4N2O80Ti40,TiO2,110,amidines,Formimidamide,relaxed,tensor([False]),-0.5182062983512878,-0.43266990349374623,0.08553639485754161,0.08553639485754161
CH3NO82Ti40,TiO2,110,carbamate-esters,Carbamic-acid,relaxed,tensor([False]),-1.2103526592254639,-1.390163564378895,-0.17981090515343112,0.17981090515343112
C2H2O80Ti40,TiO2,110,alkanes_alkenes_alkynes,Acetylene,relaxed,tensor([False]),-0.30061274766921997,-0.3011783726616386,-0.0005656249924186341,0.0005656249924186341
C3H4Ir40O80,IrO2,110,alkanes_alkenes_alkynes,Prop-1-yne,relaxed,tensor([False]),-0.6127803921699524,-0.6141142595982387,-0.0013338674282863394,0.0013338674282863394
CH2O81Ti40,TiO2,110,alcohols_aldehydes_ketones_ethers,Formaldehyde,relaxed,tensor([False]),-0.9307101964950562,-0.968909647665086,-0.038199451170029874,0.038199451170029874
CH4O81Ru40,RuO2,110,alcohols_aldehydes_ketones_ethers,Methanol,relaxed,tensor([False]),-0.8117673993110657,-0.8071793551407893,0.004588044170276362,0.004588044170276362
C3H9Ir40NO80,IrO2,110,amines,Trimethylamine,relaxed,tensor([False]),-0.8166083693504333,-0.8225280014234215,-0.005919632072988179,0.005919632072988179
C2H6Ir40O80S,IrO2,110,thiols_thials_thioketones_thioethers,Dimethylsulfane,relaxed,tensor([False]),-2.5745344161987305,-2.5121476467907655,0.06238676940796495,0.06238676940796495
C3H4O80Ru40,RuO2,110,alkanes_alkenes_alkynes,Prop-1-yne,relaxed,tensor([False]),-1.2516264915466309,-1.2331226919952734,0.018503799551357503,0.018503799551357503
C3H6O80Ti40,TiO2,110,alkanes_alkenes_alkynes,Propylene,relaxed,tensor([False]),-0.932857871055603,-0.8983831144665544,0.03447475658904864,0.03447475658904864
CH2O83Ru40,RuO2,110,carbonates_carboxylic-acids_esters,Carbonic-acid,relaxed,tensor([False]),-0.8827897310256958,-0.9359885390344118,-0.053198808008716014,0.053198808008716014
C2H6N2O80Ti40,TiO2,110,amidines,Acetimidamide,relaxed,tensor([False]),-1.9268182516098022,-1.9316102219146671,-0.00479197030486489,0.00479197030486489
C2H4Ir40O81,IrO2,110,alcohols_aldehydes_ketones_ethers,Acetaldehyde,relaxed,tensor([False]),-1.8634510040283203,-1.8534914239573936,0.009959580070926677,0.009959580070926677
C3H4Ir40O80,IrO2,110,alkanes_alkenes_alkynes,Prop-1-yne,relaxed,tensor([False]),-0.1545283943414688,-0.1570724841117226,-0.002544089770253777,0.002544089770253777
C2H4O82Ti40,TiO2,110,carbonates_carboxylic-acids_esters,Acetic-acid,relaxed,tensor([False]),-0.8689314723014832,-0.8758661326224768,-0.0069346603209936575,0.0069346603209936575
C3H6O80Ti40,TiO2,110,alkanes_alkenes_alkynes,Propylene,relaxed,tensor([False]),-0.8232519030570984,-0.8477572383613108,-0.024505335304212394,0.024505335304212394
C3H8O80Ru40S,RuO2,110,thiols_thials_thioketones_thioethers,Propane-2-thiol,relaxed,tensor([False]),-0.3427651822566986,-0.39186709634310546,-0.04910191408640685,0.04910191408640685
CH2O82Ru40,RuO2,110,carbonates_carboxylic-acids_esters,Formic-acid,relaxed,tensor([False]),-1.278113603591919,-1.2246735501120138,0.0534400534799051,0.0534400534799051
C2H5NO80Ru40,RuO2,110,imines,Ethanimine,relaxed,tensor([False]),-1.9168095588684082,-1.9006899349776916,0.01611962389071664,0.01611962389071664
C3H4O80Ti40,TiO2,110,alkanes_alkenes_alkynes,Prop-1-yne,relaxed,tensor([False]),-0.8072869181632996,-0.7971187419010732,0.010168176262226325,0.010168176262226325
C2H2O80Ru40,RuO2,110,alkanes_alkenes_alkynes,Acetylene,relaxed,tensor([False]),-0.558383584022522,-0.5585656106417218,-0.00018202661919985985,0.00018202661919985985
C2H6N2O80Ru40,RuO2,110,amidines,Acetimidamide,relaxed,tensor([False]),-2.215564250946045,-2.2497703621662595,-0.03420611122021455,0.03420611122021455
C2H4O81Ti40,TiO2,110,alcohols_aldehydes_ketones_ethers,Acetaldehyde,relaxed,tensor([False]),-0.576752245426178,-0.579861886041499,-0.003109640615321041,0.003109640615321041
C3H6O81Ti40,TiO2,110,alcohols_aldehydes_ketones_ethers,Propan-2-one,relaxed,tensor([False]),-0.23324085772037506,-0.24770603285276138,-0.014465175132386321,0.014465175132386321
C2H4Ir40O82,IrO2,110,carbonates_carboxylic-acids_esters,Acetic-acid,relaxed,tensor([False]),-1.3388409614562988,-1.3371996827669044,0.0016412786893944542,0.0016412786893944542
C2H4Ir40O82,IrO2,110,carbonates_carboxylic-acids_esters,Acetic-acid,relaxed,tensor([True]),-3.402022361755371,-3.4108081852571104,-0.008785823501739287,0.008785823501739287
C2H5NO80Ti40,TiO2,110,imines,N-methylmethanimine,relaxed,tensor([False]),-1.3609538078308105,-1.3729943015128185,-0.012040493682007991,0.012040493682007991
C2H6N2O80Ti40,TiO2,110,amidines,Acetimidamide,relaxed,tensor([False]),-1.7481896877288818,-1.827930511574209,-0.07974082384532721,0.07974082384532721
CH3Ir40NO80,IrO2,110,imines,Methanimine,relaxed,tensor([False]),-0.5223361849784851,-0.5239187206158533,-0.0015825356373682098,0.0015825356373682098
C2H4O80Ru40S,RuO2,110,thiols_thials_thioketones_thioethers,Ethanethial,relaxed,tensor([False]),-1.3995556831359863,-1.4165940296512076,-0.017038346515221292,0.017038346515221292
C3H6O80STi40,TiO2,110,thiols_thials_thioketones_thioethers,Propane-2-thione,relaxed,tensor([False]),-0.3435000479221344,-0.9275175690216599,-0.5840175210995255,0.5840175210995255
C3H6O80Ti40,TiO2,110,alkanes_alkenes_alkynes,Propylene,relaxed,tensor([False]),-0.2339605838060379,-0.2409602966578177,-0.006999712851779805,0.006999712851779805
C2H4O80Ru40,RuO2,110,alkanes_alkenes_alkynes,Ethene,relaxed,tensor([False]),-1.1271307468414307,-1.1131498491252785,0.013980897716152185,0.013980897716152185
C3H8Ir40O80,IrO2,110,alkanes_alkenes_alkynes,Propane,relaxed,tensor([False]),-1.3939512968063354,-1.343774789937072,0.05017650686926345,0.05017650686926345
C3H6O80Ru40,RuO2,110,alkanes_alkenes_alkynes,Propylene,relaxed,tensor([False]),-1.3276252746582031,-1.328560756428523,-0.0009354817703197682,0.0009354817703197682
CH3Ir40NO82,IrO2,110,carbamate-esters,Carbamic-acid,relaxed,tensor([False]),-1.9463276863098145,-1.9383934019727747,0.007934284337039799,0.007934284337039799
C3H8Ir40O80S,IrO2,110,thiols_thials_thioketones_thioethers,Propane-2-thiol,relaxed,tensor([False]),-0.6451002955436707,-0.6136821428152643,0.03141815272840631,0.03141815272840631
C2H4Ir40O80,IrO2,110,alkanes_alkenes_alkynes,Ethene,relaxed,tensor([False]),-1.916296362876892,-1.9660723958356243,-0.04977603295873223,0.04977603295873223
C2H7Ir40NO80,IrO2,110,amines,Ethanamine,relaxed,tensor([False]),-2.7892000675201416,-2.8003716270437735,-0.011171559523631913,0.011171559523631913
C3H8Ir40O81,IrO2,110,alcohols_aldehydes_ketones_ethers,Propan-2-ol,relaxed,tensor([False]),-0.2769356667995453,-0.26321196422077264,0.013723702578772645,0.013723702578772645
C3H9Ir40NO80,IrO2,110,amines,Trimethylamine,relaxed,tensor([False]),-0.5246988534927368,-0.46987830838156697,0.05482054511116985,0.05482054511116985
C2H5NO80Ru40,RuO2,110,imines,N-methylmethanimine,relaxed,tensor([False]),-0.6491614580154419,-0.6478382470525048,0.0013232109629370825,0.0013232109629370825
C2H6Ir40O80S,IrO2,110,thiols_thials_thioketones_thioethers,Ethanethiol,relaxed,tensor([False]),-2.368375062942505,-2.381488798637122,-0.013113735694616935,0.013113735694616935
C3H8O80Ru40,RuO2,110,alkanes_alkenes_alkynes,Propane,relaxed,tensor([False]),-0.7750492095947266,-0.7520551047336141,0.02299410486111242,0.02299410486111242
C3H6O80Ru40S,RuO2,110,thiols_thials_thioketones_thioethers,Propane-2-thione,relaxed,tensor([False]),-0.2056795358657837,-0.17701243640124176,0.028667099464541934,0.028667099464541934
C3H9Ir40NO80,IrO2,110,amines,Propan-2-amine,relaxed,tensor([False]),-2.908511161804199,-2.930313096671398,-0.021801934867198725,0.021801934867198725
C2H4O81Ru40,RuO2,110,alcohols_aldehydes_ketones_ethers,Acetaldehyde,relaxed,tensor([False]),-0.4940979778766632,-0.4925629792813595,0.0015349985953037049,0.0015349985953037049
C3H8Ir40O81,IrO2,110,alcohols_aldehydes_ketones_ethers,Propan-2-ol,relaxed,tensor([False]),-0.20337353646755219,-0.20918933521397776,-0.005815798746425571,0.005815798746425571
C2H6O81Ti40,TiO2,110,alcohols_aldehydes_ketones_ethers,Ethanol,relaxed,tensor([False]),-1.3693345785140991,-1.3772955479557538,-0.007960969441654697,0.007960969441654697
C2H6N2O80Ti40,TiO2,110,amidines,Acetimidamide,relaxed,tensor([False]),-1.9347023963928223,-1.8995372585048358,0.035165137887986475,0.035165137887986475
C3H8O80Ti40,TiO2,110,alkanes_alkenes_alkynes,Propane,relaxed,tensor([False]),-0.27220386266708374,-0.29708958624451043,-0.02488572357742669,0.02488572357742669
CH3Ir40NO81,IrO2,110,amides,Formamide,relaxed,tensor([True]),-3.627819538116455,-3.6304616048098524,-0.0026420666933972825,0.0026420666933972825
C2H6Ir40O80S,IrO2,110,thiols_thials_thioketones_thioethers,Ethanethiol,relaxed,tensor([True]),-3.1369130611419678,-3.2143511867841426,-0.07743812564217478,0.07743812564217478
C2H4Ir40O82,IrO2,110,carbonates_carboxylic-acids_esters,Acetic-acid,relaxed,tensor([True]),-2.337631940841675,-2.3502319341334896,-0.012599993291814826,0.012599993291814826
C3H8O80Ru40,RuO2,110,alkanes_alkenes_alkynes,Propane,relaxed,tensor([False]),-0.539618194103241,-0.5523245843460813,-0.01270639024284037,0.01270639024284037
CH4N2O80Ti40,TiO2,110,amidines,Formimidamide,relaxed,tensor([False]),-1.741025447845459,-1.7368603611306526,0.004165086714806421,0.004165086714806421
CH2Ir40O80S,IrO2,110,thiols_thials_thioketones_thioethers,Methanethial,relaxed,tensor([False]),-2.636058807373047,-2.4732724684898812,0.16278633888316563,0.16278633888316563
C3H7NO80Ru40,RuO2,110,imines,Propan-2-imine,relaxed,tensor([False]),-2.0319411754608154,-2.0404055044965332,-0.00846432903571781,0.00846432903571781
C2H6O81Ru40,RuO2,110,alcohols_aldehydes_ketones_ethers,Methoxymethane,relaxed,tensor([False]),-0.2945500910282135,-0.27928435135714835,0.015265739671065148,0.015265739671065148
C3H9NO80Ti40,TiO2,110,amines,Trimethylamine,relaxed,tensor([False]),-0.4139097034931183,-0.4029782237604991,0.01093147973261921,0.01093147973261921
C2H6N2O80Ru40,RuO2,110,amidines,Acetimidamide,relaxed,tensor([False]),-1.548731803894043,-1.5618845627632822,-0.013152758869239278,0.013152758869239278
C3H4O80Ti40,TiO2,110,alkanes_alkenes_alkynes,Prop-1-yne,relaxed,tensor([False]),-0.20909802615642548,-0.23278731304355915,-0.023689286887133676,0.023689286887133676
CH2Ir40O83,IrO2,110,carbonates_carboxylic-acids_esters,Carbonic-acid,relaxed,tensor([True]),-2.650934934616089,-2.7064903707506573,-0.05555543613456848,0.05555543613456848
C2H6Ir40O80S,IrO2,110,thiols_thials_thioketones_thioethers,Dimethylsulfane,relaxed,tensor([False]),-2.4917662143707275,-2.4683016131290856,0.023464601241641958,0.023464601241641958
CH4Ir40O80,IrO2,110,alkanes_alkenes_alkynes,Methane,relaxed,tensor([False]),-0.7326229214668274,-0.7350584591197276,-0.002435537652900166,0.002435537652900166
C2H6O80Ru40,RuO2,110,alkanes_alkenes_alkynes,Ethane,relaxed,tensor([False]),-0.48126813769340515,-0.49645437708835516,-0.015186239394950007,0.015186239394950007
C2H7NO80Ti40,TiO2,110,amines,Ethanamine,relaxed,tensor([False]),-1.6807951927185059,-1.693350435683584,-0.01255524296507815,0.01255524296507815
C3H4O80Ti40,TiO2,110,alkanes_alkenes_alkynes,Prop-1-yne,relaxed,tensor([False]),-0.27200397849082947,-0.23721716194688724,0.03478681654394222,0.03478681654394222
CH3NO82Ru40,RuO2,110,carbamate-esters,Carbamic-acid,relaxed,tensor([True]),-2.430299758911133,-2.428151570372904,0.0021481885382286237,0.0021481885382286237
C2H4O80STi40,TiO2,110,thiols_thials_thioketones_thioethers,Ethanethial,relaxed,tensor([False]),-0.3503372073173523,-0.43727888842767015,-0.08694168111031786,0.08694168111031786
C3H8O80Ti40,TiO2,110,alkanes_alkenes_alkynes,Propane,relaxed,tensor([False]),-0.4544135332107544,-0.43759345859842824,0.016820074612326152,0.016820074612326152
C2H4O82Ru40,RuO2,110,carbonates_carboxylic-acids_esters,Acetic-acid,relaxed,tensor([False]),-1.3215454816818237,-1.3594004843019576,-0.03785500262013386,0.03785500262013386
C3H9Ir40NO80,IrO2,110,amines,Propan-2-amine,relaxed,tensor([False]),-0.4741363823413849,-0.48056691465779977,-0.006430532316414883,0.006430532316414883
CH4Ir40O81,IrO2,110,alcohols_aldehydes_ketones_ethers,Methanol,relaxed,tensor([False]),-0.16172492504119873,-0.15643353952748384,0.005291385513714886,0.005291385513714886
CH3Ir40NO81,IrO2,110,amides,Formamide,relaxed,tensor([False]),-1.8624403476715088,-1.9037107368910142,-0.04127038921950543,0.04127038921950543
C3H9NO80Ru40,RuO2,110,amines,Trimethylamine,relaxed,tensor([False]),-0.36451029777526855,-0.4019871608418839,-0.03747686306661535,0.03747686306661535
C3H9NO80Ti40,TiO2,110,amines,Trimethylamine,relaxed,tensor([False]),-1.3460042476654053,-1.361365061587719,-0.01536081392231381,0.01536081392231381
CH2Ir40O80S,IrO2,110,thiols_thials_thioketones_thioethers,Methanethial,relaxed,tensor([False]),-0.4217197895050049,0.10091135246807426,0.5226311419730791,0.5226311419730791
C2H4Ir40O82,IrO2,110,carbonates_carboxylic-acids_esters,Acetic-acid,relaxed,tensor([True]),-2.42152738571167,-2.381771139967441,0.03975624574422909,0.03975624574422909
CH2Ir40O82,IrO2,110,carbonates_carboxylic-acids_esters,Formic-acid,relaxed,tensor([True]),-2.3876349925994873,-2.3427767462470683,0.04485824635241897,0.04485824635241897
C3H6Ir40O80S,IrO2,110,thiols_thials_thioketones_thioethers,Propane-2-thione,relaxed,tensor([False]),-2.8691132068634033,-2.8360784704384514,0.033034736424951916,0.033034736424951916
C2H5NO80Ti40,TiO2,110,imines,Ethanimine,relaxed,tensor([False]),-1.4205070734024048,-1.4617681731502046,-0.04126109974779979,0.04126109974779979
CH4Ir40N2O80,IrO2,110,amidines,Formimidamide,relaxed,tensor([False]),-3.2080142498016357,-2.9847032804798346,0.22331096932180117,0.22331096932180117
C3H9Ir40NO80,IrO2,110,amines,Propan-2-amine,relaxed,tensor([False]),-2.8161914348602295,-2.787445045915433,0.02874638894479631,0.02874638894479631
C3H8O80Ru40S,RuO2,110,thiols_thials_thioketones_thioethers,Propane-2-thiol,relaxed,tensor([False]),-1.7089614868164062,-1.721146558956832,-0.012185072140425746,0.012185072140425746
C3H7NO80Ti40,TiO2,110,imines,Propan-2-imine,relaxed,tensor([False]),-0.2903524339199066,-0.2841023022516538,0.006250131668252834,0.006250131668252834
C3H8O80STi40,TiO2,110,thiols_thials_thioketones_thioethers,Propane-2-thiol,relaxed,tensor([False]),-1.3132901191711426,-1.1923268892720298,0.12096322989911279,0.12096322989911279
CH4O81Ti40,TiO2,110,alcohols_aldehydes_ketones_ethers,Methanol,relaxed,tensor([False]),-1.3233333826065063,-1.3112491299608386,0.012084252645667704,0.012084252645667704
C2H4O80Ti40,TiO2,110,alkanes_alkenes_alkynes,Ethene,relaxed,tensor([False]),-0.20216786861419678,-0.2090254791999655,-0.006857610585768725,0.006857610585768725
C3H8O80Ru40S,RuO2,110,thiols_thials_thioketones_thioethers,Propane-2-thiol,relaxed,tensor([False]),-0.5276264548301697,-0.5140467347480921,0.013579720082077529,0.013579720082077529
C3H8O80Ru40,RuO2,110,alkanes_alkenes_alkynes,Propane,relaxed,tensor([False]),-0.7412270903587341,-0.6426542015627206,0.09857288879601356,0.09857288879601356
C3H8Ir40O80S,IrO2,110,thiols_thials_thioketones_thioethers,Propane-2-thiol,relaxed,tensor([False]),-0.5190905332565308,-0.5177770926533469,0.0013134406031838353,0.0013134406031838353
CH2Ir40O83,IrO2,110,carbonates_carboxylic-acids_esters,Carbonic-acid,relaxed,tensor([False]),-1.218430757522583,-1.1871334860758438,0.03129727144673922,0.03129727144673922
C2H6O80Ti40,TiO2,110,alkanes_alkenes_alkynes,Ethane,relaxed,tensor([False]),-0.4393370747566223,-0.42324640958031523,0.016090665176307084,0.016090665176307084
CH4O80Ru40,RuO2,110,alkanes_alkenes_alkynes,Methane,relaxed,tensor([False]),-0.14012962579727173,-0.140680520382773,-0.0005508945855012826,0.0005508945855012826
C3H6O81Ti40,TiO2,110,alcohols_aldehydes_ketones_ethers,Propan-2-one,relaxed,tensor([False]),-1.158182144165039,-1.1662854353604821,-0.008103291195443063,0.008103291195443063
CH2O80Ru40S,RuO2,110,thiols_thials_thioketones_thioethers,Methanethial,relaxed,tensor([False]),-1.7424981594085693,-1.7218909513005656,0.02060720810800376,0.02060720810800376
C2H6Ir40O80S,IrO2,110,thiols_thials_thioketones_thioethers,Ethanethiol,relaxed,tensor([False]),-2.404695510864258,-2.3855158391851887,0.019179671679069088,0.019179671679069088
C2H6O80Ru40S,RuO2,110,thiols_thials_thioketones_thioethers,Dimethylsulfane,relaxed,tensor([False]),-1.6849368810653687,-1.7808661830886194,-0.09592930202325078,0.09592930202325078
C3H6O80Ru40,RuO2,110,alkanes_alkenes_alkynes,Propylene,relaxed,tensor([False]),-1.3277286291122437,-1.3317587061450276,-0.0040300770327839075,0.0040300770327839075
C2H4Ir40O80,IrO2,110,alkanes_alkenes_alkynes,Ethene,relaxed,tensor([False]),-2.0499541759490967,-2.0195017638572494,0.030452412091847236,0.030452412091847236
CH4O80Ru40S,RuO2,110,thiols_thials_thioketones_thioethers,Methanethiol,relaxed,tensor([False]),-1.4860243797302246,-1.5855701008244125,-0.09954572109418791,0.09954572109418791
C3H9NO80Ti40,TiO2,110,amines,Propan-2-amine,relaxed,tensor([False]),-0.7001333236694336,-0.6721446335690189,0.027988690100414715,0.027988690100414715
C2H5NO81Ti40,TiO2,110,amides,Acetamide,relaxed,tensor([False]),-1.589489221572876,-1.5768815339884696,0.012607687584406335,0.012607687584406335
C3H8O80Ru40,RuO2,110,alkanes_alkenes_alkynes,Propane,relaxed,tensor([False]),-0.7347290515899658,-0.7029267224037881,0.03180232918617776,0.03180232918617776
CH4N2O80Ru40,RuO2,110,amidines,Formimidamide,relaxed,tensor([False]),-0.3953358829021454,-0.42523573214890575,-0.029899849246760368,0.029899849246760368
C2H5NO81Ti40,TiO2,110,amides,Acetamide,relaxed,tensor([False]),-1.5930817127227783,-1.592715620661437,0.00036609206134130545,0.00036609206134130545
C2H7NO80Ti40,TiO2,110,amines,Ethanamine,relaxed,tensor([False]),-1.6564364433288574,-1.681215964356909,-0.024779521028051477,0.024779521028051477
C3H6Ir40O80,IrO2,110,alkanes_alkenes_alkynes,Propylene,relaxed,tensor([False]),-2.0015599727630615,-2.0374093174904715,-0.03584934472740997,0.03584934472740997
C2H5NO81Ti40,TiO2,110,amides,Acetamide,relaxed,tensor([False]),-1.5918385982513428,-1.5060268976352091,0.08581170061613363,0.08581170061613363
C3H9Ir40NO80,IrO2,110,amines,Propan-2-amine,relaxed,tensor([False]),-2.878056526184082,-2.8074207732608443,0.07063575292323776,0.07063575292323776
C2H7NO80Ru40,RuO2,110,amines,Ethanamine,relaxed,tensor([False]),-0.8044032454490662,-0.8037462013806191,0.0006570440684470213,0.0006570440684470213
C3H9NO80Ru40,RuO2,110,amines,Propan-2-amine,relaxed,tensor([False]),-2.144754648208618,-2.0415967721375523,0.10315787607106586,0.10315787607106586
CH2O83Ti40,TiO2,110,carbonates_carboxylic-acids_esters,Carbonic-acid,relaxed,tensor([False]),-0.50310879945755,-0.5275286114961659,-0.024419812038615873,0.024419812038615873
C2H6O81Ti40,TiO2,110,alcohols_aldehydes_ketones_ethers,Ethanol,relaxed,tensor([False]),-1.3785059452056885,-1.3576716521184693,0.02083429308721918,0.02083429308721918
C3H6Ir40O80,IrO2,110,alkanes_alkenes_alkynes,Propylene,relaxed,tensor([False]),-2.2121331691741943,-2.160151031044734,0.05198213812946051,0.05198213812946051
C2H5Ir40NO80,IrO2,110,imines,N-methylmethanimine,relaxed,tensor([False]),-2.6325106620788574,-2.693414535671934,-0.060903873593076696,0.060903873593076696
C3H8Ir40O80,IrO2,110,alkanes_alkenes_alkynes,Propane,relaxed,tensor([False]),-0.22859087586402893,-0.9518310479690797,-0.7232401721050508,0.7232401721050508
C2H4Ir40O81,IrO2,110,alcohols_aldehydes_ketones_ethers,Acetaldehyde,relaxed,tensor([False]),-0.22368253767490387,-0.22692813071182627,-0.0032455930369224006,0.0032455930369224006
C2H4O80Ru40S,RuO2,110,thiols_thials_thioketones_thioethers,Ethanethial,relaxed,tensor([False]),-0.3324686884880066,-0.3289688115601166,0.00349987692789,0.00349987692789
CH2O80Ru40S,RuO2,110,thiols_thials_thioketones_thioethers,Methanethial,relaxed,tensor([False]),-1.6273972988128662,-1.6047950474232522,0.022602251389614025,0.022602251389614025
CH2O80STi40,TiO2,110,thiols_thials_thioketones_thioethers,Methanethial,relaxed,tensor([False]),0.7200590968132019,0.13606707226119852,-0.5839920245520034,0.5839920245520034
C3H8Ir40O81,IrO2,110,alcohols_aldehydes_ketones_ethers,Propan-2-ol,relaxed,tensor([False]),-2.390626907348633,-2.3643172933112737,0.026309614037359097,0.026309614037359097
CH3NO81Ti40,TiO2,110,oximes,Formaldoxime,relaxed,tensor([False]),-1.0782755613327026,-1.0765860731964665,0.0016894881362361502,0.0016894881362361502
CH3NO81Ti40,TiO2,110,amides,Formamide,relaxed,tensor([False]),-1.3562260866165161,-1.3558330306690678,0.0003930559474483175,0.0003930559474483175
C3H9NO80Ru40,RuO2,110,amines,Propan-2-amine,relaxed,tensor([False]),-1.8988723754882812,-2.051289256923127,-0.15241688143484566,0.15241688143484566
C3H4O80Ru40,RuO2,110,alkanes_alkenes_alkynes,Prop-1-yne,relaxed,tensor([False]),-1.202300786972046,-1.233707794729268,-0.03140700775722216,0.03140700775722216
C3H9Ir40NO80,IrO2,110,amines,Trimethylamine,relaxed,tensor([False]),-2.4104888439178467,-2.4057378199036634,0.004751024014183258,0.004751024014183258
C2H4O82Ru40,RuO2,110,carbonates_carboxylic-acids_esters,Acetic-acid,relaxed,tensor([False]),-1.4043467044830322,-1.3808546705898408,0.023492033893191433,0.023492033893191433
C3H8O81Ti40,TiO2,110,alcohols_aldehydes_ketones_ethers,Propan-2-ol,relaxed,tensor([False]),-1.360547661781311,-1.4212317623979018,-0.0606841006165908,0.0606841006165908
C3H9NO80Ru40,RuO2,110,amines,Propan-2-amine,relaxed,tensor([False]),-2.135925769805908,-2.0665860137296477,0.06933975607626053,0.06933975607626053
CH3NO82Ti40,TiO2,110,carbamate-esters,Carbamic-acid,relaxed,tensor([False]),-1.1530789136886597,-1.160283289699528,-0.00720437601086843,0.00720437601086843
C2H6O80Ru40S,RuO2,110,thiols_thials_thioketones_thioethers,Ethanethiol,relaxed,tensor([False]),-0.3232410252094269,-0.4054253731740971,-0.08218434796467022,0.08218434796467022
C2H6O80STi40,TiO2,110,thiols_thials_thioketones_thioethers,Ethanethiol,relaxed,tensor([False]),-1.236649513244629,-1.211913575922173,0.024735937322455825,0.024735937322455825
C2H6O81Ru40,RuO2,110,alcohols_aldehydes_ketones_ethers,Methoxymethane,relaxed,tensor([False]),-0.6331849694252014,-0.5377955310348739,0.09538943839032754,0.09538943839032754
C2H6Ir40O81,IrO2,110,alcohols_aldehydes_ketones_ethers,Ethanol,relaxed,tensor([False]),-1.4896246194839478,-1.5050752602883932,-0.01545064080444547,0.01545064080444547
CH4Ir40O80S,IrO2,110,thiols_thials_thioketones_thioethers,Methanethiol,relaxed,tensor([True]),-3.142077922821045,-3.154535293332856,-0.01245737051181095,0.01245737051181095
C2H4Ir40O82,IrO2,110,carbonates_carboxylic-acids_esters,Acetic-acid,relaxed,tensor([False]),-0.35462096333503723,-0.3521437467462647,0.002477216588772535,0.002477216588772535
C2H5Ir40NO81,IrO2,110,amides,Acetamide,relaxed,tensor([False]),-2.133575439453125,-2.141239898438357,-0.007664458985232159,0.007664458985232159
C3H4O80Ti40,TiO2,110,alkanes_alkenes_alkynes,Prop-1-yne,relaxed,tensor([False]),-0.3588724732398987,-0.3467100059684185,0.012162467271480182,0.012162467271480182
C2H5NO81Ti40,TiO2,110,amides,Acetamide,relaxed,tensor([False]),-1.5525004863739014,-1.4815887014193265,0.07091178495457484,0.07091178495457484
CH2O82Ru40,RuO2,110,carbonates_carboxylic-acids_esters,Formic-acid,relaxed,tensor([False]),-0.19747382402420044,-0.19592607221852631,0.0015477518056741246,0.0015477518056741246
C3H8Ir40O80,IrO2,110,alkanes_alkenes_alkynes,Propane,relaxed,tensor([False]),-1.134846806526184,-1.0868331495737067,0.04801365695247739,0.04801365695247739
C2H6O80STi40,TiO2,110,thiols_thials_thioketones_thioethers,Dimethylsulfane,relaxed,tensor([False]),-0.045170579105615616,-0.07243954911871242,-0.027268970013096805,0.027268970013096805
C3H8O80Ti40,TiO2,110,alkanes_alkenes_alkynes,Propane,relaxed,tensor([False]),-0.6555324792861938,-0.6475214344219751,0.008011044864218775,0.008011044864218775
C2H5Ir40NO81,IrO2,110,amides,Acetamide,relaxed,tensor([False]),-0.5226708054542542,-0.5149308375506223,0.00773996790363185,0.00773996790363185
C2H6O81Ti40,TiO2,110,alcohols_aldehydes_ketones_ethers,Ethanol,relaxed,tensor([False]),-0.7025445699691772,-0.690514133915201,0.012030436053976246,0.012030436053976246
C3H6O81Ru40,RuO2,110,alcohols_aldehydes_ketones_ethers,Propan-2-one,relaxed,tensor([False]),-0.260150671005249,-0.24130156774492661,0.01884910326032241,0.01884910326032241
C3H4O80Ti40,TiO2,110,alkanes_alkenes_alkynes,Prop-1-yne,relaxed,tensor([False]),-0.31667670607566833,-0.3164955202070132,0.00018118586865512043,0.00018118586865512043
C2H5NO81Ti40,TiO2,110,amides,Acetamide,relaxed,tensor([False]),-0.3665761649608612,-0.4721114854127677,-0.1055353204519065,0.1055353204519065
C3H8O81Ti40,TiO2,110,alcohols_aldehydes_ketones_ethers,Propan-2-ol,relaxed,tensor([False]),-0.4034651219844818,-0.4149049285818194,-0.011439806597337565,0.011439806597337565
CH4N2O80Ti40,TiO2,110,amidines,Formimidamide,relaxed,tensor([False]),-1.3024957180023193,-1.5983187714524973,-0.295823053450178,0.295823053450178
C3H4O80Ru40,RuO2,110,alkanes_alkenes_alkynes,Prop-1-yne,relaxed,tensor([False]),-0.3093157112598419,-0.32783965483974953,-0.01852394357990761,0.01852394357990761
C2H4O80Ru40,RuO2,110,alkanes_alkenes_alkynes,Ethene,relaxed,tensor([False]),-1.1124134063720703,-1.116239489338568,-0.003826082966497779,0.003826082966497779
C2H6Ir40O81,IrO2,110,alcohols_aldehydes_ketones_ethers,Ethanol,relaxed,tensor([False]),-1.0235742330551147,-1.0174091764796458,0.006165056575468952,0.006165056575468952
C2H6O81Ru40,RuO2,110,alcohols_aldehydes_ketones_ethers,Methoxymethane,relaxed,tensor([False]),-1.0197908878326416,-1.1750192751124544,-0.1552283872798128,0.1552283872798128
C3H8Ir40O80S,IrO2,110,thiols_thials_thioketones_thioethers,Propane-2-thiol,relaxed,tensor([False]),-0.33643868565559387,-0.3304250545057812,0.0060136311498126815,0.0060136311498126815
C3H8O80Ru40S,RuO2,110,thiols_thials_thioketones_thioethers,Propane-2-thiol,relaxed,tensor([False]),-1.814609169960022,-1.7318209803712534,0.08278818958876855,0.08278818958876855
C2H4Ir40O80S,IrO2,110,thiols_thials_thioketones_thioethers,Ethanethial,relaxed,tensor([False]),-2.8636300563812256,-2.7710330564992205,0.0925969998820051,0.0925969998820051
C2H6N2O80Ti40,TiO2,110,amidines,Acetimidamide,relaxed,tensor([False]),-0.48904240131378174,-0.45999677902221947,0.029045622291562267,0.029045622291562267
C3H8O80Ru40S,RuO2,110,thiols_thials_thioketones_thioethers,Propane-2-thiol,relaxed,tensor([False]),-0.5691189169883728,-0.5577153533366754,0.011403563651697368,0.011403563651697368
C2H6N2O80Ti40,TiO2,110,amidines,Acetimidamide,relaxed,tensor([False]),-1.7291091680526733,-1.8185016461873715,-0.0893924781346982,0.0893924781346982
C2H4O82Ru40,RuO2,110,carbonates_carboxylic-acids_esters,Acetic-acid,relaxed,tensor([False]),-1.3411883115768433,-1.3699875280106255,-0.02879921643378225,0.02879921643378225
C3H9NO80Ru40,RuO2,110,amines,Trimethylamine,relaxed,tensor([False]),-0.4818277060985565,-0.4258312877440744,0.0559964183544821,0.0559964183544821
C2H6N2O80Ru40,RuO2,110,amidines,Acetimidamide,relaxed,tensor([False]),-0.4174712002277374,-0.41920080355134814,-0.0017296033236107178,0.0017296033236107178
C2H6O80Ru40,RuO2,110,alkanes_alkenes_alkynes,Ethane,relaxed,tensor([False]),-0.23073086142539978,-0.22395233444461837,0.0067785269807814075,0.0067785269807814075
C3H6O80Ru40S,RuO2,110,thiols_thials_thioketones_thioethers,Propane-2-thione,relaxed,tensor([False]),-1.217069387435913,-1.2170838309362395,-1.4443500326422054e-05,1.4443500326422054e-05
CH4O80STi40,TiO2,110,thiols_thials_thioketones_thioethers,Methanethiol,relaxed,tensor([False]),-1.1386699676513672,-1.1318193371349246,0.006850630516442635,0.006850630516442635
C2H6N2O80Ti40,TiO2,110,amidines,Acetimidamide,relaxed,tensor([False]),-1.9718118906021118,-1.8277226407683997,0.14408924983371207,0.14408924983371207
C2H6O80Ru40S,RuO2,110,thiols_thials_thioketones_thioethers,Ethanethiol,relaxed,tensor([False]),-1.7540119886398315,-1.6947365365736005,0.05927545206623108,0.05927545206623108
C3H6O80STi40,TiO2,110,thiols_thials_thioketones_thioethers,Propane-2-thione,relaxed,tensor([False]),-1.0773433446884155,-0.8832516217301816,0.19409172295823396,0.19409172295823396
C3H8Ir40O81,IrO2,110,alcohols_aldehydes_ketones_ethers,Propan-2-ol,relaxed,tensor([False]),-1.091896414756775,-1.1143866569522416,-0.022490242195466692,0.022490242195466692
C2H6Ir40N2O80,IrO2,110,amidines,Acetimidamide,relaxed,tensor([True]),-4.457948684692383,-4.462652610931286,-0.0047039262389034775,0.0047039262389034775
C3H8O81Ti40,TiO2,110,alcohols_aldehydes_ketones_ethers,Propan-2-ol,relaxed,tensor([False]),-0.257271409034729,-0.27636696334445787,-0.019095554309728868,0.019095554309728868
C2H6O81Ti40,TiO2,110,alcohols_aldehydes_ketones_ethers,Methoxymethane,relaxed,tensor([False]),-1.132545828819275,-1.135401477575563,-0.002855648756288076,0.002855648756288076
CH3NO81Ti40,TiO2,110,oximes,Formaldoxime,relaxed,tensor([False]),-0.41110682487487793,-0.42381359545186115,-0.012706770576983217,0.012706770576983217
CH4O80Ru40S,RuO2,110,thiols_thials_thioketones_thioethers,Methanethiol,relaxed,tensor([False]),-1.6977403163909912,-1.6184008070361529,0.07933950935483836,0.07933950935483836
CH2Ir40O83,IrO2,110,carbonates_carboxylic-acids_esters,Carbonic-acid,relaxed,tensor([True]),-1.9233978986740112,-2.1718127605614086,-0.24841486188739736,0.24841486188739736
C2H4O82Ru40,RuO2,110,carbonates_carboxylic-acids_esters,Acetic-acid,relaxed,tensor([True]),-1.7382372617721558,-1.7595229724843193,-0.021285710712163564,0.021285710712163564
C2H2O80Ru40,RuO2,110,alkanes_alkenes_alkynes,Acetylene,relaxed,tensor([False]),-1.2053968906402588,-1.2027836845287574,0.0026132061115013983,0.0026132061115013983
CH3NO81Ti40,TiO2,110,oximes,Formaldoxime,relaxed,tensor([False]),-0.43490561842918396,-0.42249143074045037,0.012414187688733591,0.012414187688733591
C3H6Ir40O81,IrO2,110,alcohols_aldehydes_ketones_ethers,Propan-2-one,relaxed,tensor([False]),-1.770695686340332,-1.6472348241320844,0.12346086220824759,0.12346086220824759
CH2O83Ru40,RuO2,110,carbonates_carboxylic-acids_esters,Carbonic-acid,relaxed,tensor([True]),-1.8413459062576294,-1.776144866565204,0.06520103969242541,0.06520103969242541
CH5NO80Ti40,TiO2,110,amines,Methanamine,relaxed,tensor([False]),-0.35457029938697815,-0.3452827585491036,0.00928754083787453,0.00928754083787453
C2H6O80STi40,TiO2,110,thiols_thials_thioketones_thioethers,Ethanethiol,relaxed,tensor([False]),-1.2195039987564087,-1.2078018564426127,0.01170214231379596,0.01170214231379596
C2H6O80Ru40S,RuO2,110,thiols_thials_thioketones_thioethers,Ethanethiol,relaxed,tensor([False]),-1.630557894706726,-1.656176293495065,-0.025618398788338936,0.025618398788338936
C2H6O81Ti40,TiO2,110,alcohols_aldehydes_ketones_ethers,Methoxymethane,relaxed,tensor([False]),-0.467853844165802,-0.47214246264775284,-0.004288618481950834,0.004288618481950834
C2H4Ir40O80S,IrO2,110,thiols_thials_thioketones_thioethers,Ethanethial,relaxed,tensor([False]),-3.173462152481079,-3.1765472784513804,-0.0030851259703013056,0.0030851259703013056
CH2Ir40O80S,IrO2,110,thiols_thials_thioketones_thioethers,Methanethial,relaxed,tensor([False]),-2.4551968574523926,-2.0396595476459822,0.41553730980641035,0.41553730980641035
C3H6O80STi40,TiO2,110,thiols_thials_thioketones_thioethers,Propane-2-thione,relaxed,tensor([False]),-0.7221383452415466,-0.7615364332490628,-0.03939808800751621,0.03939808800751621
C3H8O81Ru40,RuO2,110,alcohols_aldehydes_ketones_ethers,Propan-2-ol,relaxed,tensor([False]),-0.20970675349235535,-0.22925715986070827,-0.019550406368352924,0.019550406368352924
C2H4O80Ti40,TiO2,110,alkanes_alkenes_alkynes,Ethene,relaxed,tensor([False]),-0.6811484098434448,-0.6842071897323194,-0.0030587798888745965,0.0030587798888745965
CH3NO81Ti40,TiO2,110,oximes,Formaldoxime,relaxed,tensor([False]),-0.25685426592826843,-0.2567342801938821,0.00011998573438631865,0.00011998573438631865
C2H5NO80Ru40,RuO2,110,imines,N-methylmethanimine,relaxed,tensor([False]),-1.910944938659668,-1.8908639456103629,0.020080993049305107,0.020080993049305107
CH3Ir40NO82,IrO2,110,carbamate-esters,Carbamic-acid,relaxed,tensor([True]),-3.4360620975494385,-3.4421041624311783,-0.0060420648817398614,0.0060420648817398614
C2H5NO80Ti40,TiO2,110,imines,Ethanimine,relaxed,tensor([False]),-1.4569768905639648,-1.4628291173733317,-0.005852226809366812,0.005852226809366812
C2H2O80Ru40,RuO2,110,alkanes_alkenes_alkynes,Acetylene,relaxed,tensor([False]),-1.2166869640350342,-1.2020549307344197,0.014632033300614466,0.014632033300614466
CH5NO80Ru40,RuO2,110,amines,Methanamine,relaxed,tensor([False]),-0.7598351836204529,-0.7929611171839781,-0.03312593356352522,0.03312593356352522
C2H6Ir40N2O80,IrO2,110,amidines,Acetimidamide,relaxed,tensor([False]),-3.075857162475586,-2.99645064066965,0.07940652180593588,0.07940652180593588
C3H6O81Ti40,TiO2,110,alcohols_aldehydes_ketones_ethers,Propan-2-one,relaxed,tensor([False]),-1.0582724809646606,-1.0617357744854132,-0.003463293520752586,0.003463293520752586
CH3NO81Ti40,TiO2,110,amides,Formamide,relaxed,tensor([False]),-1.3535079956054688,-1.3746112584213037,-0.021103262815834967,0.021103262815834967
CH2O80Ru40S,RuO2,110,thiols_thials_thioketones_thioethers,Methanethial,relaxed,tensor([False]),-0.8345360159873962,-0.8330011751108941,0.0015348408765021304,0.0015348408765021304
C2H6Ir40N2O80,IrO2,110,amidines,Acetimidamide,relaxed,tensor([False]),-0.060982368886470795,-0.07573940689803749,-0.014757038011566692,0.014757038011566692
C3H6O80Ru40,RuO2,110,alkanes_alkenes_alkynes,Propylene,relaxed,tensor([False]),-0.18749672174453735,-0.17784944754856724,0.009647274195970112,0.009647274195970112
C2H6O80STi40,TiO2,110,thiols_thials_thioketones_thioethers,Ethanethiol,relaxed,tensor([False]),-0.34571462869644165,-0.3667369448369868,-0.021022316140545172,0.021022316140545172
CH3Ir40NO80,IrO2,110,imines,Methanimine,relaxed,tensor([False]),-2.1561923027038574,-2.274763254274262,-0.11857095157040476,0.11857095157040476
C3H4O80Ru40,RuO2,110,alkanes_alkenes_alkynes,Prop-1-yne,relaxed,tensor([False]),-0.6010286808013916,-0.6012533356060032,-0.00022465480461164589,0.00022465480461164589
C3H6Ir40O80,IrO2,110,alkanes_alkenes_alkynes,Propylene,relaxed,tensor([False]),-0.15899904072284698,-0.1830260877060823,-0.024027046983235323,0.024027046983235323
CH4N2O80Ti40,TiO2,110,amidines,Formimidamide,relaxed,tensor([False]),-1.7475650310516357,-1.7443268656163866,0.0032381654352491296,0.0032381654352491296
C3H6Ir40O81,IrO2,110,alcohols_aldehydes_ketones_ethers,Propan-2-one,relaxed,tensor([False]),-1.5034236907958984,-1.67071979241922,-0.16729610162332165,0.16729610162332165
C3H8O80STi40,TiO2,110,thiols_thials_thioketones_thioethers,Propane-2-thiol,relaxed,tensor([False]),-0.543900728225708,-0.5379788912338768,0.005921836991831242,0.005921836991831242
C2H6O80Ru40,RuO2,110,alkanes_alkenes_alkynes,Ethane,relaxed,tensor([False]),-0.23423661291599274,-0.23847137491219428,-0.0042347619962015415,0.0042347619962015415
CH2O83Ru40,RuO2,110,carbonates_carboxylic-acids_esters,Carbonic-acid,relaxed,tensor([True]),-2.0807957649230957,-2.0463540201675414,0.03444174475555428,0.03444174475555428
CH3NO81Ru40,RuO2,110,amides,Formamide,relaxed,tensor([True]),-2.5132827758789062,-2.513078528347137,0.00020424753176939703,0.00020424753176939703
C3H8O81Ru40,RuO2,110,alcohols_aldehydes_ketones_ethers,Propan-2-ol,relaxed,tensor([False]),-0.9235273599624634,-0.7494918689141628,0.17403549104830063,0.17403549104830063
CH3Ir40NO81,IrO2,110,amides,Formamide,relaxed,tensor([False]),-1.8881102800369263,-1.8976854039352702,-0.009575123898343918,0.009575123898343918
CH3NO80Ti40,TiO2,110,imines,Methanimine,relaxed,tensor([False]),-1.4680083990097046,-1.4768460293778531,-0.008837630368148552,0.008837630368148552
C2H4O80STi40,TiO2,110,thiols_thials_thioketones_thioethers,Ethanethial,relaxed,tensor([False]),-0.3647828996181488,-0.365614150444344,-0.0008312508261951734,0.0008312508261951734
C2H4O80STi40,TiO2,110,thiols_thials_thioketones_thioethers,Ethanethial,relaxed,tensor([False]),-0.4106716811656952,-0.37525464145335263,0.03541703971234256,0.03541703971234256
C3H8O81Ru40,RuO2,110,alcohols_aldehydes_ketones_ethers,Propan-2-ol,relaxed,tensor([False]),-0.24033412337303162,-0.23474482397352858,0.005589299399503034,0.005589299399503034
C3H9NO80Ti40,TiO2,110,amines,Propan-2-amine,relaxed,tensor([False]),-1.7632371187210083,-1.7249752200404487,0.038261898680559625,0.038261898680559625
C2H6O81Ru40,RuO2,110,alcohols_aldehydes_ketones_ethers,Methoxymethane,relaxed,tensor([False]),-0.42494910955429077,-0.5498563662406752,-0.12490725668638447,0.12490725668638447
C2H5Ir40NO80,IrO2,110,imines,N-methylmethanimine,relaxed,tensor([True]),-3.3017733097076416,-3.282045936568011,0.0197273731396308,0.0197273731396308
C2H7Ir40NO80,IrO2,110,amines,Ethanamine,relaxed,tensor([False]),-0.2054898589849472,-0.2379868993010632,-0.032497040316116,0.032497040316116
C3H7Ir40NO80,IrO2,110,imines,Propan-2-imine,relaxed,tensor([False]),-2.808601140975952,-2.795137621636286,0.013463519339666163,0.013463519339666163
CH5Ir40NO80,IrO2,110,amines,Methanamine,relaxed,tensor([False]),-2.769804000854492,-2.7370413297782648,0.032762671076227434,0.032762671076227434
C2H4O80Ru40,RuO2,110,alkanes_alkenes_alkynes,Ethene,relaxed,tensor([False]),-1.0898431539535522,-1.0882394847518952,0.0016036692016569987,0.0016036692016569987
CH3NO81Ti40,TiO2,110,amides,Formamide,relaxed,tensor([False]),-0.20992617309093475,-0.20902819101178238,0.0008979820791523707,0.0008979820791523707
CH2Ir40O83,IrO2,110,carbonates_carboxylic-acids_esters,Carbonic-acid,relaxed,tensor([True]),-2.65096378326416,-2.63365392146153,0.017309861802630166,0.017309861802630166
C2H5NO80Ru40,RuO2,110,imines,Ethanimine,relaxed,tensor([False]),-0.3174956738948822,-0.32217488855519605,-0.004679214660313846,0.004679214660313846
C2H6O80Ti40,TiO2,110,alkanes_alkenes_alkynes,Ethane,relaxed,tensor([False]),-0.39117321372032166,-0.4012188836940709,-0.010045669973749227,0.010045669973749227
CH2O80Ru40S,RuO2,110,thiols_thials_thioketones_thioethers,Methanethial,relaxed,tensor([False]),-0.9667832851409912,-0.7604619299668514,0.20632135517413985,0.20632135517413985
CH4N2O80Ru40,RuO2,110,amidines,Formimidamide,relaxed,tensor([False]),-2.357088088989258,-2.3667693969964603,-0.00968130800720246,0.00968130800720246
C3H6O80STi40,TiO2,110,thiols_thials_thioketones_thioethers,Propane-2-thione,relaxed,tensor([False]),-0.37989211082458496,-0.3891552845262254,-0.009263173701640426,0.009263173701640426
C3H6O81Ru40,RuO2,110,alcohols_aldehydes_ketones_ethers,Propan-2-one,relaxed,tensor([False]),-0.08462805300951004,-0.08649278375651193,-0.001864730747001886,0.001864730747001886
C3H6Ir40O80S,IrO2,110,thiols_thials_thioketones_thioethers,Propane-2-thione,relaxed,tensor([False]),-0.36213627457618713,-0.355404909056972,0.00673136551921516,0.00673136551921516
C3H8O81Ru40,RuO2,110,alcohols_aldehydes_ketones_ethers,Propan-2-ol,relaxed,tensor([False]),-1.722174048423767,-1.7096395070141739,0.012534541409593203,0.012534541409593203
CH4O80Ru40,RuO2,110,alkanes_alkenes_alkynes,Methane,relaxed,tensor([False]),-0.42654359340667725,-0.4250211339637815,0.0015224594428957516,0.0015224594428957516
C3H8O81Ru40,RuO2,110,alcohols_aldehydes_ketones_ethers,Propan-2-ol,relaxed,tensor([False]),-0.6232528686523438,-0.6617102596506186,-0.03845739099827483,0.03845739099827483
C2H6Ir40O81,IrO2,110,alcohols_aldehydes_ketones_ethers,Ethanol,relaxed,tensor([False]),-0.41116026043891907,-0.41096383160825667,0.00019642883066239847,0.00019642883066239847
C3H9Ir40NO80,IrO2,110,amines,Propan-2-amine,relaxed,tensor([False]),-0.5272654294967651,-0.4929691774013918,0.03429625209537335,0.03429625209537335
C2H6Ir40O81,IrO2,110,alcohols_aldehydes_ketones_ethers,Ethanol,relaxed,tensor([False]),-2.344968795776367,-2.3354515167269483,0.009517279049418903,0.009517279049418903
CH2Ir40O80S,IrO2,110,thiols_thials_thioketones_thioethers,Methanethial,relaxed,tensor([False]),-2.564100503921509,-2.071026031927289,0.4930744719942197,0.4930744719942197
CH2O80Ru40S,RuO2,110,thiols_thials_thioketones_thioethers,Methanethial,relaxed,tensor([False]),-0.17663083970546722,-0.17975272224219907,-0.003121882536731846,0.003121882536731846
C2H6O80Ti40,TiO2,110,alkanes_alkenes_alkynes,Ethane,relaxed,tensor([False]),-0.5728745460510254,-0.5587902216704776,0.014084324380547741,0.014084324380547741
CH2O80STi40,TiO2,110,thiols_thials_thioketones_thioethers,Methanethial,relaxed,tensor([False]),-0.3033125698566437,-0.3025528440509788,0.000759725805664857,0.000759725805664857
C2H5NO81Ti40,TiO2,110,amides,Acetamide,relaxed,tensor([False]),-1.5667707920074463,-1.496903085002657,0.06986770700478928,0.06986770700478928
C2H6O81Ti40,TiO2,110,alcohols_aldehydes_ketones_ethers,Ethanol,relaxed,tensor([False]),-1.3581175804138184,-1.365620298492665,-0.007502718078846726,0.007502718078846726
CH5NO80Ru40,RuO2,110,amines,Methanamine,relaxed,tensor([False]),-2.0584263801574707,-2.0758911787774537,-0.017464798619982957,0.017464798619982957
C3H9NO80Ru40,RuO2,110,amines,Propan-2-amine,relaxed,tensor([False]),-2.1888020038604736,-2.165052735204199,0.02374926865627458,0.02374926865627458
C2H5NO81Ti40,TiO2,110,amides,Acetamide,relaxed,tensor([False]),-1.3600188493728638,-1.4816449193642995,-0.12162606999143577,0.12162606999143577
C2H4O80Ti40,TiO2,110,alkanes_alkenes_alkynes,Ethene,relaxed,tensor([False]),-0.7042296528816223,-0.7020982638937312,0.002131388987891114,0.002131388987891114
C3H6Ir40O80S,IrO2,110,thiols_thials_thioketones_thioethers,Propane-2-thione,relaxed,tensor([False]),-2.9616990089416504,-2.98631847731815,-0.024619468376499754,0.024619468376499754
C2H5NO81Ru40,RuO2,110,amides,Acetamide,relaxed,tensor([False]),-1.69297194480896,-1.6381640222055296,0.05480792260343037,0.05480792260343037
C2H4O81Ti40,TiO2,110,alcohols_aldehydes_ketones_ethers,Acetaldehyde,relaxed,tensor([False]),-1.0762741565704346,-1.078158715449348,-0.0018845588789133672,0.0018845588789133672
C2H6O81Ti40,TiO2,110,alcohols_aldehydes_ketones_ethers,Ethanol,relaxed,tensor([False]),-0.34903720021247864,-0.3460220401705669,0.003015160041911713,0.003015160041911713
CH2O83Ru40,RuO2,110,carbonates_carboxylic-acids_esters,Carbonic-acid,relaxed,tensor([False]),-0.0748886689543724,-0.07278624382945509,0.0021024251249173176,0.0021024251249173176
CH3Ir40NO81,IrO2,110,oximes,Formaldoxime,relaxed,tensor([False]),-0.4372934103012085,-0.4432702194352487,-0.005976809134040195,0.005976809134040195
C3H8O80Ru40,RuO2,110,alkanes_alkenes_alkynes,Propane,relaxed,tensor([False]),-0.19397610425949097,-0.1938278599754426,0.00014824428404836,0.00014824428404836
CH2Ir40O80S,IrO2,110,thiols_thials_thioketones_thioethers,Methanethial,relaxed,tensor([False]),-1.9546602964401245,-2.16319848172418,-0.20853818528405554,0.20853818528405554
CH2O83Ru40,RuO2,110,carbonates_carboxylic-acids_esters,Carbonic-acid,relaxed,tensor([True]),-1.8369945287704468,-1.8410532818574552,-0.0040587530870084265,0.0040587530870084265
CH4Ir40O80,IrO2,110,alkanes_alkenes_alkynes,Methane,relaxed,tensor([False]),-0.114272341132164,-0.11391243453925881,0.00035990659290519034,0.00035990659290519034
C2H6Ir40O81,IrO2,110,alcohols_aldehydes_ketones_ethers,Methoxymethane,relaxed,tensor([False]),-1.6999273300170898,-1.6890241049813426,0.010903225035747255,0.010903225035747255
C3H8O80Ru40,RuO2,110,alkanes_alkenes_alkynes,Propane,relaxed,tensor([False]),-0.3232164680957794,-0.257019750537836,0.06619671755794343,0.06619671755794343
C3H8O80Ru40,RuO2,110,alkanes_alkenes_alkynes,Propane,relaxed,tensor([False]),-0.3723996579647064,-0.366285793221067,0.006113864743639397,0.006113864743639397
CH3NO80Ti40,TiO2,110,imines,Methanimine,relaxed,tensor([False]),-0.2659669518470764,-0.2645261499474145,0.001440801899661892,0.001440801899661892
C2H6O81Ti40,TiO2,110,alcohols_aldehydes_ketones_ethers,Ethanol,relaxed,tensor([False]),-1.4416453838348389,-1.4333981757387662,0.008247208096072711,0.008247208096072711
C3H7NO80Ru40,RuO2,110,imines,Propan-2-imine,relaxed,tensor([False]),-2.018087387084961,-2.018487024735464,-0.000399637650502882,0.000399637650502882
C2H4Ir40O81,IrO2,110,alcohols_aldehydes_ketones_ethers,Acetaldehyde,relaxed,tensor([False]),-1.8185168504714966,-1.8042975409421445,0.014219309529352131,0.014219309529352131
C3H7NO80Ti40,TiO2,110,imines,Propan-2-imine,relaxed,tensor([False]),-1.5889276266098022,-1.5873361682701557,0.0015914583396465787,0.0015914583396465787
C3H6O80Ru40S,RuO2,110,thiols_thials_thioketones_thioethers,Propane-2-thione,relaxed,tensor([False]),-1.8287824392318726,-1.838287129503783,-0.009504690271910476,0.009504690271910476
CH2O82Ti40,TiO2,110,carbonates_carboxylic-acids_esters,Formic-acid,relaxed,tensor([False]),-1.0797443389892578,-1.078611926999244,0.001132411990013793,0.001132411990013793
C2H6O81Ru40,RuO2,110,alcohols_aldehydes_ketones_ethers,Ethanol,relaxed,tensor([False]),-0.6903308033943176,-0.7672419288610968,-0.07691112546677914,0.07691112546677914
C3H9NO80Ru40,RuO2,110,amines,Propan-2-amine,relaxed,tensor([False]),-1.9024815559387207,-2.0283687626957203,-0.1258872067569996,0.1258872067569996
C2H7Ir40NO80,IrO2,110,amines,Ethanamine,relaxed,tensor([False]),-2.7110719680786133,-2.7130421081002396,-0.001970140021626321,0.001970140021626321
C3H8Ir40O81,IrO2,110,alcohols_aldehydes_ketones_ethers,Propan-2-ol,relaxed,tensor([False]),-1.0674192905426025,-1.1161091268080057,-0.04868983626540313,0.04868983626540313
C2H6Ir40O81,IrO2,110,alcohols_aldehydes_ketones_ethers,Methoxymethane,relaxed,tensor([False]),-0.23268577456474304,-0.232937818599396,-0.000252044034652954,0.000252044034652954
C3H6Ir40O80,IrO2,110,alkanes_alkenes_alkynes,Propylene,relaxed,tensor([False]),-2.126709222793579,-2.160151031044734,-0.033441808251154725,0.033441808251154725
CH2Ir40O80S,IrO2,110,thiols_thials_thioketones_thioethers,Methanethial,relaxed,tensor([False]),-2.52251935005188,-2.2411962390040117,0.2813231110478682,0.2813231110478682
C2H7NO80Ti40,TiO2,110,amines,Ethanamine,relaxed,tensor([False]),-0.35421377420425415,-0.33708776753894654,0.017126006665307614,0.017126006665307614
C2H4O82Ti40,TiO2,110,carbonates_carboxylic-acids_esters,Acetic-acid,relaxed,tensor([False]),-1.410936951637268,-1.2874396112532054,0.12349734038406268,0.12349734038406268
C3H6O80Ru40,RuO2,110,alkanes_alkenes_alkynes,Propylene,relaxed,tensor([False]),-0.312835156917572,-0.31260511325433527,0.0002300436632367564,0.0002300436632367564
C2H7NO80Ti40,TiO2,110,amines,Ethanamine,relaxed,tensor([False]),-1.728219747543335,-1.7085357996047037,0.019683947938631263,0.019683947938631263
C3H8O80Ru40S,RuO2,110,thiols_thials_thioketones_thioethers,Propane-2-thiol,relaxed,tensor([False]),-1.7734941244125366,-1.7318520097564658,0.04164211465607082,0.04164211465607082
C2H5Ir40NO80,IrO2,110,imines,Ethanimine,relaxed,tensor([False]),-2.7357704639434814,-2.7281662998047977,0.0076041641386837,0.0076041641386837
C2H4O80Ru40S,RuO2,110,thiols_thials_thioketones_thioethers,Ethanethial,relaxed,tensor([False]),-1.7802640199661255,-1.7678152758185206,0.012448744147604884,0.012448744147604884
CH2O80STi40,TiO2,110,thiols_thials_thioketones_thioethers,Methanethial,relaxed,tensor([False]),-0.9852727651596069,-0.8738253117044792,0.11144745345512774,0.11144745345512774
CH4Ir40O80S,IrO2,110,thiols_thials_thioketones_thioethers,Methanethiol,relaxed,tensor([True]),-3.0700387954711914,-3.0982912732462182,-0.02825247777502682,0.02825247777502682
C2H6N2O80Ti40,TiO2,110,amidines,Acetimidamide,relaxed,tensor([False]),-1.7757364511489868,-1.7959167386723038,-0.02018028752331702,0.02018028752331702
CH2O83Ti40,TiO2,110,carbonates_carboxylic-acids_esters,Carbonic-acid,relaxed,tensor([False]),-0.5395745038986206,-0.5246699967895836,0.014904507109037013,0.014904507109037013
C2H6O80STi40,TiO2,110,thiols_thials_thioketones_thioethers,Ethanethiol,relaxed,tensor([False]),-1.0746616125106812,-1.2111770810784783,-0.13651546856779717,0.13651546856779717
CH3NO81Ti40,TiO2,110,oximes,Formaldoxime,relaxed,tensor([False]),-1.3063111305236816,-1.394937656932285,-0.08862652640860347,0.08862652640860347
CH4O80Ru40S,RuO2,110,thiols_thials_thioketones_thioethers,Methanethiol,relaxed,tensor([False]),-0.3889712393283844,-0.39254327618959906,-0.003572036861214656,0.003572036861214656
C3H8O81Ti40,TiO2,110,alcohols_aldehydes_ketones_ethers,Propan-2-ol,relaxed,tensor([False]),-1.4845147132873535,-1.4441091414249314,0.04040557186242211,0.04040557186242211
C2H5NO80Ti40,TiO2,110,imines,N-methylmethanimine,relaxed,tensor([False]),-1.4119255542755127,-1.4012448879414166,0.010680666334096145,0.010680666334096145
C2H6O81Ti40,TiO2,110,alcohols_aldehydes_ketones_ethers,Methoxymethane,relaxed,tensor([False]),-0.5164498686790466,-0.5049459464408699,0.011503922238176756,0.011503922238176756
CH4N2O80Ti40,TiO2,110,amidines,Formimidamide,relaxed,tensor([False]),-1.1193853616714478,-1.1474234738996216,-0.028038112228173873,0.028038112228173873
CH3NO81Ru40,RuO2,110,oximes,Formaldoxime,relaxed,tensor([False]),-1.7681602239608765,-1.8080417708078471,-0.03988154684697065,0.03988154684697065
C3H6O80STi40,TiO2,110,thiols_thials_thioketones_thioethers,Propane-2-thione,relaxed,tensor([False]),-1.097846269607544,-0.975825889028016,0.12202038057952791,0.12202038057952791
C3H8O80Ru40,RuO2,110,alkanes_alkenes_alkynes,Propane,relaxed,tensor([False]),-0.19244620203971863,-0.257019750537836,-0.06457354849811736,0.06457354849811736
C2H7NO80Ru40,RuO2,110,amines,Ethanamine,relaxed,tensor([False]),-0.7939477562904358,-0.7742033062457097,0.019744450044726136,0.019744450044726136
C3H4O80Ru40,RuO2,110,alkanes_alkenes_alkynes,Prop-1-yne,relaxed,tensor([False]),-1.171462893486023,-1.1810116165306859,-0.009548723044662921,0.009548723044662921
CH2Ir40O80S,IrO2,110,thiols_thials_thioketones_thioethers,Methanethial,relaxed,tensor([False]),-0.8572229146957397,-2.0396595476459822,-1.1824366329502425,1.1824366329502425
CH4Ir40N2O80,IrO2,110,amidines,Formimidamide,relaxed,tensor([True]),-4.36998176574707,-4.3724715175618485,-0.002489751814778174,0.002489751814778174
C3H8O81Ru40,RuO2,110,alcohols_aldehydes_ketones_ethers,Propan-2-ol,relaxed,tensor([False]),-1.7410261631011963,-1.7687307209076266,-0.02770455780643033,0.02770455780643033
CH3NO82Ti40,TiO2,110,carbamate-esters,Carbamic-acid,relaxed,tensor([False]),-1.4854182004928589,-1.527440354595612,-0.04202215410275301,0.04202215410275301
C3H7NO80Ru40,RuO2,110,imines,Propan-2-imine,relaxed,tensor([False]),-2.0472495555877686,-2.041535652071218,0.005713903516550545,0.005713903516550545
CH4N2O80Ti40,TiO2,110,amidines,Formimidamide,relaxed,tensor([False]),-1.7349261045455933,-1.6142426608167852,0.12068344372880802,0.12068344372880802
C2H5NO81Ti40,TiO2,110,amides,Acetamide,relaxed,tensor([False]),-0.5311121940612793,-0.4726863895179463,0.058425804543333015,0.058425804543333015
C2H4O80STi40,TiO2,110,thiols_thials_thioketones_thioethers,Ethanethial,relaxed,tensor([False]),-1.0428098440170288,-1.0277458339097407,0.015064010107288084,0.015064010107288084
C2H6O81Ru40,RuO2,110,alcohols_aldehydes_ketones_ethers,Ethanol,relaxed,tensor([False]),-0.1829562783241272,-0.18960358726792492,-0.006647308943797725,0.006647308943797725
C2H4O82Ti40,TiO2,110,carbonates_carboxylic-acids_esters,Acetic-acid,relaxed,tensor([False]),-1.4203016757965088,-1.428963750652997,-0.008662074856488289,0.008662074856488289
C2H6O81Ru40,RuO2,110,alcohols_aldehydes_ketones_ethers,Methoxymethane,relaxed,tensor([False]),-0.17997466027736664,-0.18010181586339513,-0.00012715558602849342,0.00012715558602849342
C3H8O81Ti40,TiO2,110,alcohols_aldehydes_ketones_ethers,Propan-2-ol,relaxed,tensor([False]),-0.6167747378349304,-0.6201161249517213,-0.0033413871167908837,0.0033413871167908837
CH4O80Ru40S,RuO2,110,thiols_thials_thioketones_thioethers,Methanethiol,relaxed,tensor([True]),-2.292144298553467,-2.3020453327575296,-0.009901034204062853,0.009901034204062853
C2H5NO80Ru40,RuO2,110,imines,Ethanimine,relaxed,tensor([False]),-1.9186038970947266,-1.940244161387568,-0.021640264292841493,0.021640264292841493
C2H7NO80Ru40,RuO2,110,amines,Ethanamine,relaxed,tensor([False]),-2.103363513946533,-2.0775440802300693,0.02581943371646389,0.02581943371646389
C2H7Ir40NO80,IrO2,110,amines,Ethanamine,relaxed,tensor([False]),-1.2038884162902832,-1.2925472371037365,-0.08865882081345333,0.08865882081345333
C2H4O81Ru40,RuO2,110,alcohols_aldehydes_ketones_ethers,Acetaldehyde,relaxed,tensor([False]),-1.3709321022033691,-1.3732042844028314,-0.002272182199462236,0.002272182199462236
CH3NO81Ru40,RuO2,110,oximes,Formaldoxime,relaxed,tensor([False]),-1.980758547782898,-1.8593281295411828,0.12143041824171519,0.12143041824171519
CH2O83Ti40,TiO2,110,carbonates_carboxylic-acids_esters,Carbonic-acid,relaxed,tensor([False]),-0.2772093117237091,-0.283441037370153,-0.00623172564644392,0.00623172564644392
C2H6Ir40N2O80,IrO2,110,amidines,Acetimidamide,relaxed,tensor([False]),-2.9988579750061035,-2.99645064066965,0.0024073343364534594,0.0024073343364534594
C2H7NO80Ti40,TiO2,110,amines,Ethanamine,relaxed,tensor([False]),-0.6365774869918823,-0.6449885500347818,-0.008411063042899514,0.008411063042899514
CH4N2O80Ti40,TiO2,110,amidines,Formimidamide,relaxed,tensor([False]),-0.384853720664978,-0.39507449176952036,-0.010220771104542337,0.010220771104542337
C2H6N2O80Ti40,TiO2,110,amidines,Acetimidamide,relaxed,tensor([False]),-0.3313152492046356,-0.3599414051750216,-0.02862615597038598,0.02862615597038598
C2H6O81Ru40,RuO2,110,alcohols_aldehydes_ketones_ethers,Ethanol,relaxed,tensor([False]),-0.40652263164520264,-0.40852773804283515,-0.0020051063976325167,0.0020051063976325167
C2H6N2O80Ti40,TiO2,110,amidines,Acetimidamide,relaxed,tensor([False]),-1.863265872001648,-1.7999270911476515,0.06333878085399647,0.06333878085399647
C2H6Ir40O80,IrO2,110,alkanes_alkenes_alkynes,Ethane,relaxed,tensor([False]),-0.839481770992279,-0.8362616073184199,0.0032201636738591333,0.0032201636738591333
C2H6Ir40O80,IrO2,110,alkanes_alkenes_alkynes,Ethane,relaxed,tensor([False]),-0.8221453428268433,-0.8462597445858933,-0.024114401759049997,0.024114401759049997
CH3NO81Ti40,TiO2,110,amides,Formamide,relaxed,tensor([False]),-1.3597157001495361,-1.3560897010500241,0.0036259990995120006,0.0036259990995120006
C2H6O80Ru40,RuO2,110,alkanes_alkenes_alkynes,Ethane,relaxed,tensor([False]),-0.5323402881622314,-0.5824581329547982,-0.05011784479256676,0.05011784479256676
C2H6Ir40O80S,IrO2,110,thiols_thials_thioketones_thioethers,Dimethylsulfane,relaxed,tensor([False]),-0.3041229546070099,-0.28915711947831824,0.014965835128691651,0.014965835128691651
C2H6O81Ru40,RuO2,110,alcohols_aldehydes_ketones_ethers,Methoxymethane,relaxed,tensor([False]),-1.296093463897705,-1.271692973992554,0.02440048990515109,0.02440048990515109
CH3NO82Ru40,RuO2,110,carbamate-esters,Carbamic-acid,relaxed,tensor([True]),-2.4599599838256836,-2.4485501317608396,0.011409852064844017,0.011409852064844017
C2H4O82Ti40,TiO2,110,carbonates_carboxylic-acids_esters,Acetic-acid,relaxed,tensor([False]),-1.1267836093902588,-1.2391053188039853,-0.11232170941372654,0.11232170941372654
C2H5NO81Ti40,TiO2,110,amides,Acetamide,relaxed,tensor([False]),-1.3843340873718262,-1.4824036790956399,-0.09806959172381369,0.09806959172381369
C2H4Ir40O80S,IrO2,110,thiols_thials_thioketones_thioethers,Ethanethial,relaxed,tensor([False]),-2.083250045776367,-2.1237733271267416,-0.04052328135037442,0.04052328135037442
CH4Ir40O81,IrO2,110,alcohols_aldehydes_ketones_ethers,Methanol,relaxed,tensor([True]),-2.389826774597168,-2.3831517650835963,0.006675009513571695,0.006675009513571695
CH3NO81Ru40,RuO2,110,oximes,Formaldoxime,relaxed,tensor([False]),-1.4514278173446655,-1.4420410720131969,0.00938674533146866,0.00938674533146866
C2H4Ir40O80S,IrO2,110,thiols_thials_thioketones_thioethers,Ethanethial,relaxed,tensor([False]),-2.502474069595337,-2.632671515480638,-0.13019744588530102,0.13019744588530102
C2H5NO80Ti40,TiO2,110,imines,Ethanimine,relaxed,tensor([False]),-0.36133238673210144,-0.373527634527818,-0.012195247795716568,0.012195247795716568
CH2Ir40O83,IrO2,110,carbonates_carboxylic-acids_esters,Carbonic-acid,relaxed,tensor([True]),-3.3252744674682617,-3.223180220257177,0.10209424721108462,0.10209424721108462
C3H9NO80Ti40,TiO2,110,amines,Propan-2-amine,relaxed,tensor([False]),-1.6374468803405762,-1.687487029183444,-0.05004014884286789,0.05004014884286789
C2H4O81Ti40,TiO2,110,alcohols_aldehydes_ketones_ethers,Acetaldehyde,relaxed,tensor([False]),-0.3698943853378296,-0.37001031030087006,-0.00011592496304047017,0.00011592496304047017
C2H6O81Ti40,TiO2,110,alcohols_aldehydes_ketones_ethers,Ethanol,relaxed,tensor([False]),-0.259919136762619,-0.25467778813259656,0.005241348630022458,0.005241348630022458
CH3NO81Ti40,TiO2,110,amides,Formamide,relaxed,tensor([False]),-0.3876964747905731,-0.37981330141798253,0.00788317337259059,0.00788317337259059
CH3NO81Ti40,TiO2,110,amides,Formamide,relaxed,tensor([False]),-1.3413881063461304,-1.3792197218529552,-0.03783161550682479,0.03783161550682479
CH3NO81Ti40,TiO2,110,amides,Formamide,relaxed,tensor([False]),-0.4174939692020416,-0.41012228339116064,0.00737168581088099,0.00737168581088099
C3H8O81Ti40,TiO2,110,alcohols_aldehydes_ketones_ethers,Propan-2-ol,relaxed,tensor([False]),-1.450618863105774,-1.4192522440720339,0.03136661903374005,0.03136661903374005
CH3NO81Ti40,TiO2,110,oximes,Formaldoxime,relaxed,tensor([False]),-1.465425968170166,-1.3945149402277721,0.0709110279423939,0.0709110279423939
C3H6Ir40O81,IrO2,110,alcohols_aldehydes_ketones_ethers,Propan-2-one,relaxed,tensor([False]),-0.4055742919445038,-0.380084795501034,0.02548949644346976,0.02548949644346976
C2H5Ir40NO80,IrO2,110,imines,Ethanimine,relaxed,tensor([False]),-2.737873077392578,-2.726332280612951,0.011540796779627271,0.011540796779627271
C3H6O80STi40,TiO2,110,thiols_thials_thioketones_thioethers,Propane-2-thione,relaxed,tensor([False]),-0.8248295187950134,-0.7738031054018109,0.051026413393202574,0.051026413393202574
C2H5Ir40NO81,IrO2,110,amides,Acetamide,relaxed,tensor([False]),-0.42302876710891724,-0.4786535228200819,-0.05562475571116465,0.05562475571116465
C2H6Ir40O80,IrO2,110,alkanes_alkenes_alkynes,Ethane,relaxed,tensor([False]),-0.19689173996448517,-0.19148120404975089,0.005410535914734282,0.005410535914734282
CH2Ir40O83,IrO2,110,carbonates_carboxylic-acids_esters,Carbonic-acid,relaxed,tensor([False]),-1.1927516460418701,-1.1107426467857522,0.08200899925611793,0.08200899925611793
CH2O82Ru40,RuO2,110,carbonates_carboxylic-acids_esters,Formic-acid,relaxed,tensor([False]),-1.1499013900756836,-1.2135562917835294,-0.06365490170784582,0.06365490170784582
C3H8Ir40O80,IrO2,110,alkanes_alkenes_alkynes,Propane,relaxed,tensor([False]),-1.1133947372436523,-1.1136912206343368,-0.0002964833906844433,0.0002964833906844433
C3H8O81Ti40,TiO2,110,alcohols_aldehydes_ketones_ethers,Propan-2-ol,relaxed,tensor([False]),-0.34739208221435547,-0.29775575324737247,0.049636328966983,0.049636328966983
C3H8O80Ti40,TiO2,110,alkanes_alkenes_alkynes,Propane,relaxed,tensor([False]),-0.28380605578422546,-0.2996245044905663,-0.01581844870634086,0.01581844870634086
CH3NO82Ru40,RuO2,110,carbamate-esters,Carbamic-acid,relaxed,tensor([False]),-1.6625016927719116,-1.6386920954066397,0.023809597365271884,0.023809597365271884
C2H6O80STi40,TiO2,110,thiols_thials_thioketones_thioethers,Ethanethiol,relaxed,tensor([False]),-0.7348941564559937,-0.44447833159966876,0.2904158248563249,0.2904158248563249
CH4N2O80Ru40,RuO2,110,amidines,Formimidamide,relaxed,tensor([False]),-2.20259428024292,-2.1644311044954065,0.03816317574751338,0.03816317574751338
